/*
SQLyog 企业版 - MySQL GUI v8.14 
MySQL - 5.5.5-10.4.14-MariaDB : Database - db_blog
*********************************************************************
*/

/*!40101 SET NAMES utf8 */;

/*!40101 SET SQL_MODE=''*/;

/*!40014 SET @OLD_UNIQUE_CHECKS=@@UNIQUE_CHECKS, UNIQUE_CHECKS=0 */;
/*!40014 SET @OLD_FOREIGN_KEY_CHECKS=@@FOREIGN_KEY_CHECKS, FOREIGN_KEY_CHECKS=0 */;
/*!40101 SET @OLD_SQL_MODE=@@SQL_MODE, SQL_MODE='NO_AUTO_VALUE_ON_ZERO' */;
/*!40111 SET @OLD_SQL_NOTES=@@SQL_NOTES, SQL_NOTES=0 */;
CREATE DATABASE /*!32312 IF NOT EXISTS*/`db_blog` /*!40100 DEFAULT CHARACTER SET utf8 */;

USE `db_blog`;

/*Table structure for table `auth_group` */

DROP TABLE IF EXISTS `auth_group`;

CREATE TABLE `auth_group` (
  `id` int(11) NOT NULL AUTO_INCREMENT,
  `name` varchar(150) NOT NULL,
  PRIMARY KEY (`id`),
  UNIQUE KEY `name` (`name`)
) ENGINE=MyISAM DEFAULT CHARSET=utf8;

/*Data for the table `auth_group` */

/*Table structure for table `auth_group_permissions` */

DROP TABLE IF EXISTS `auth_group_permissions`;

CREATE TABLE `auth_group_permissions` (
  `id` int(11) NOT NULL AUTO_INCREMENT,
  `group_id` int(11) NOT NULL,
  `permission_id` int(11) NOT NULL,
  PRIMARY KEY (`id`),
  UNIQUE KEY `auth_group_permissions_group_id_permission_id_0cd325b0_uniq` (`group_id`,`permission_id`),
  KEY `auth_group_permissions_group_id_b120cbf9` (`group_id`),
  KEY `auth_group_permissions_permission_id_84c5c92e` (`permission_id`)
) ENGINE=MyISAM DEFAULT CHARSET=utf8;

/*Data for the table `auth_group_permissions` */

/*Table structure for table `auth_permission` */

DROP TABLE IF EXISTS `auth_permission`;

CREATE TABLE `auth_permission` (
  `id` int(11) NOT NULL AUTO_INCREMENT,
  `name` varchar(255) NOT NULL,
  `content_type_id` int(11) NOT NULL,
  `codename` varchar(100) NOT NULL,
  PRIMARY KEY (`id`),
  UNIQUE KEY `auth_permission_content_type_id_codename_01ab375a_uniq` (`content_type_id`,`codename`),
  KEY `auth_permission_content_type_id_2f476e4b` (`content_type_id`)
) ENGINE=MyISAM AUTO_INCREMENT=37 DEFAULT CHARSET=utf8;

/*Data for the table `auth_permission` */

insert  into `auth_permission`(`id`,`name`,`content_type_id`,`codename`) values (1,'Can add log entry',1,'add_logentry'),(2,'Can change log entry',1,'change_logentry'),(3,'Can delete log entry',1,'delete_logentry'),(4,'Can view log entry',1,'view_logentry'),(5,'Can add permission',2,'add_permission'),(6,'Can change permission',2,'change_permission'),(7,'Can delete permission',2,'delete_permission'),(8,'Can view permission',2,'view_permission'),(9,'Can add group',3,'add_group'),(10,'Can change group',3,'change_group'),(11,'Can delete group',3,'delete_group'),(12,'Can view group',3,'view_group'),(13,'Can add content type',4,'add_contenttype'),(14,'Can change content type',4,'change_contenttype'),(15,'Can delete content type',4,'delete_contenttype'),(16,'Can view content type',4,'view_contenttype'),(17,'Can add session',5,'add_session'),(18,'Can change session',5,'change_session'),(19,'Can delete session',5,'delete_session'),(20,'Can view session',5,'view_session'),(21,'Can add 用户管理',6,'add_user'),(22,'Can change 用户管理',6,'change_user'),(23,'Can delete 用户管理',6,'delete_user'),(24,'Can view 用户管理',6,'view_user'),(25,'Can add 类别管理',7,'add_articlecategory'),(26,'Can change 类别管理',7,'change_articlecategory'),(27,'Can delete 类别管理',7,'delete_articlecategory'),(28,'Can view 类别管理',7,'view_articlecategory'),(29,'Can add 文章管理',8,'add_article'),(30,'Can change 文章管理',8,'change_article'),(31,'Can delete 文章管理',8,'delete_article'),(32,'Can view 文章管理',8,'view_article'),(33,'Can add 评论管理',9,'add_comment'),(34,'Can change 评论管理',9,'change_comment'),(35,'Can delete 评论管理',9,'delete_comment'),(36,'Can view 评论管理',9,'view_comment');

/*Table structure for table `django_admin_log` */

DROP TABLE IF EXISTS `django_admin_log`;

CREATE TABLE `django_admin_log` (
  `id` int(11) NOT NULL AUTO_INCREMENT,
  `action_time` datetime(6) NOT NULL,
  `object_id` longtext DEFAULT NULL,
  `object_repr` varchar(200) NOT NULL,
  `action_flag` smallint(5) unsigned NOT NULL CHECK (`action_flag` >= 0),
  `change_message` longtext NOT NULL,
  `content_type_id` int(11) DEFAULT NULL,
  `user_id` int(11) NOT NULL,
  PRIMARY KEY (`id`),
  KEY `django_admin_log_content_type_id_c4bce8eb` (`content_type_id`),
  KEY `django_admin_log_user_id_c564eba6` (`user_id`)
) ENGINE=MyISAM AUTO_INCREMENT=7 DEFAULT CHARSET=utf8;

/*Data for the table `django_admin_log` */

insert  into `django_admin_log`(`id`,`action_time`,`object_id`,`object_repr`,`action_flag`,`change_message`,`content_type_id`,`user_id`) values (1,'2021-03-09 10:44:26.709134','1','Python',1,'[{\"added\": {}}]',7,1),(2,'2021-03-09 10:45:00.337604','2','面试题',1,'[{\"added\": {}}]',7,1),(3,'2021-03-09 10:45:12.201352','3','测试',1,'[{\"added\": {}}]',7,1),(4,'2021-03-09 10:45:27.561904','4','AI',1,'[{\"added\": {}}]',7,1),(5,'2021-03-09 10:45:57.237749','5','其他',1,'[{\"added\": {}}]',7,1),(6,'2021-03-10 02:11:06.299741','5','面试题整理1',3,'',8,1);

/*Table structure for table `django_content_type` */

DROP TABLE IF EXISTS `django_content_type`;

CREATE TABLE `django_content_type` (
  `id` int(11) NOT NULL AUTO_INCREMENT,
  `app_label` varchar(100) NOT NULL,
  `model` varchar(100) NOT NULL,
  PRIMARY KEY (`id`),
  UNIQUE KEY `django_content_type_app_label_model_76bd3d3b_uniq` (`app_label`,`model`)
) ENGINE=MyISAM AUTO_INCREMENT=10 DEFAULT CHARSET=utf8;

/*Data for the table `django_content_type` */

insert  into `django_content_type`(`id`,`app_label`,`model`) values (1,'admin','logentry'),(2,'auth','permission'),(3,'auth','group'),(4,'contenttypes','contenttype'),(5,'sessions','session'),(6,'users','user'),(7,'home','articlecategory'),(8,'home','article'),(9,'home','comment');

/*Table structure for table `django_migrations` */

DROP TABLE IF EXISTS `django_migrations`;

CREATE TABLE `django_migrations` (
  `id` int(11) NOT NULL AUTO_INCREMENT,
  `app` varchar(255) NOT NULL,
  `name` varchar(255) NOT NULL,
  `applied` datetime(6) NOT NULL,
  PRIMARY KEY (`id`)
) ENGINE=MyISAM AUTO_INCREMENT=26 DEFAULT CHARSET=utf8;

/*Data for the table `django_migrations` */

insert  into `django_migrations`(`id`,`app`,`name`,`applied`) values (1,'contenttypes','0001_initial','2021-03-09 10:20:54.669500'),(2,'contenttypes','0002_remove_content_type_name','2021-03-09 10:20:55.327121'),(3,'auth','0001_initial','2021-03-09 10:20:55.521595'),(4,'auth','0002_alter_permission_name_max_length','2021-03-09 10:20:56.549689'),(5,'auth','0003_alter_user_email_max_length','2021-03-09 10:20:56.558637'),(6,'auth','0004_alter_user_username_opts','2021-03-09 10:20:56.569605'),(7,'auth','0005_alter_user_last_login_null','2021-03-09 10:20:56.579581'),(8,'auth','0006_require_contenttypes_0002','2021-03-09 10:20:56.582614'),(9,'auth','0007_alter_validators_add_error_messages','2021-03-09 10:20:56.591547'),(10,'auth','0008_alter_user_username_max_length','2021-03-09 10:20:56.602519'),(11,'auth','0009_alter_user_last_name_max_length','2021-03-09 10:20:56.611521'),(12,'users','0001_initial','2021-03-09 10:20:56.937866'),(13,'admin','0001_initial','2021-03-09 10:20:58.685052'),(14,'admin','0002_logentry_remove_auto_add','2021-03-09 10:20:59.119886'),(15,'admin','0003_logentry_add_action_flag_choices','2021-03-09 10:20:59.129857'),(16,'auth','0010_alter_group_name_max_length','2021-03-09 10:20:59.224603'),(17,'auth','0011_update_proxy_permissions','2021-03-09 10:20:59.233581'),(18,'auth','0012_alter_user_first_name_max_length','2021-03-09 10:20:59.242587'),(19,'home','0001_initial','2021-03-09 10:20:59.319359'),(20,'home','0002_article','2021-03-09 10:20:59.397174'),(21,'home','0003_comment','2021-03-09 10:20:59.904603'),(22,'sessions','0001_initial','2021-03-09 10:21:00.378875'),(23,'users','0002_auto_20210128_2225','2021-03-09 10:21:00.644168'),(24,'users','0003_auto_20210128_2241','2021-03-09 10:21:00.812714'),(25,'users','0004_auto_20210222_0957','2021-03-09 10:21:01.173781');

/*Table structure for table `django_session` */

DROP TABLE IF EXISTS `django_session`;

CREATE TABLE `django_session` (
  `session_key` varchar(40) NOT NULL,
  `session_data` longtext NOT NULL,
  `expire_date` datetime(6) NOT NULL,
  PRIMARY KEY (`session_key`),
  KEY `django_session_expire_date_a5c62663` (`expire_date`)
) ENGINE=MyISAM DEFAULT CHARSET=utf8;

/*Data for the table `django_session` */

/*Table structure for table `tb_article` */

DROP TABLE IF EXISTS `tb_article`;

CREATE TABLE `tb_article` (
  `id` int(11) NOT NULL AUTO_INCREMENT,
  `avatar` varchar(100) NOT NULL,
  `title` varchar(20) NOT NULL,
  `tags` varchar(20) NOT NULL,
  `sumary` varchar(200) NOT NULL,
  `content` longtext NOT NULL,
  `total_views` int(10) unsigned NOT NULL CHECK (`total_views` >= 0),
  `comments_count` int(10) unsigned NOT NULL CHECK (`comments_count` >= 0),
  `created` datetime(6) NOT NULL,
  `updated` datetime(6) NOT NULL,
  `author_id` int(11) NOT NULL,
  `category_id` int(11) DEFAULT NULL,
  PRIMARY KEY (`id`),
  KEY `tb_article_author_id_dcf763a4` (`author_id`),
  KEY `tb_article_category_id_d66932e8` (`category_id`)
) ENGINE=MyISAM AUTO_INCREMENT=9 DEFAULT CHARSET=utf8;

/*Data for the table `tb_article` */

insert  into `tb_article`(`id`,`avatar`,`title`,`tags`,`sumary`,`content`,`total_views`,`comments_count`,`created`,`updated`,`author_id`,`category_id`) values (1,'article/2021/03/09/python.png','Python部分模块的简述','第三方模块','pypiwin32,wheel...','<p>1.必装模块pypiwin32 &nbsp;wheel:主要是为了装whl文件</p>\r\n\r\n<p>2,pyinstaller:将python文件转化为exe文件<br />\r\n进入py文件目录下:cmd ---&gt;pyinstaller -F 文件名.py</p>\r\n\r\n<p>3,虚拟机教程<br />\r\n安装:pip install -U virtualenv<br />\r\n设置虚拟路径:virtualenv -p d:\\dev\\python\\python36\\python.exe\\py36<br />\r\n进入虚拟环境:cd py36\\scripts\\<br />\r\n启动:activate</p>\r\n\r\n<p>4,pip文件的配置<br />\r\npip文件的配置<br />\r\n&nbsp; &nbsp; # 在用户Administrator下, 提高第三方模块的下载速率<br />\r\n&nbsp; &nbsp; # C:\\Users\\Administrator\\pip\\pip.ini<br />\r\n内容:<br />\r\n[global]<br />\r\nindex-url=https://pypi.tuna.tsinghua.edu.cn/simple</p>\r\n\r\n<p>5, pyc文件的编译<br />\r\npython -m py_compile 文件名.py<br />\r\npyo文件的编译:<br />\r\npython -O -m py_compile 文件名.py</p>\r\n\r\n<p>6,Beautiful Soup:<br />\r\n**用于数据收集的Python库:**<br />\r\n这个是一个HTML和XML解析器,可用于从web页面中提取数据,这个过程叫做网页抓取</p>\r\n\r\n<p>7,Scrapy:这是一个用于大规模网页抓取的框架,提供所有需要的工具有效的从网站中抓取数据,以使用者偏好的结构和格式存储数据</p>\r\n\r\n<p>8,Selenium:这是一个倍受欢迎的自动化浏览器工具,在业界常用于测试,但对于网页抓取也非常方便</p>\r\n\r\n<p>9,**用于数据清理和数据操作的Python库<br />\r\n**<br />\r\npandas:主要用于数据操作和数据分析</p>\r\n\r\n<p>10:numpy:这是一个开源库,引入了支持大型多维数组和矩阵的函数</p>\r\n\r\n<p>11,PyOD:一个全面的,可伸缩的Python工具包,用于检测外围对象</p>\r\n\r\n<p>12,**用于数据可视化的Python库**<br />\r\nMatplotlib:这是Python中最流行的数据可视化库,允许生成和构建各种各样的图</p>\r\n\r\n<p>13,Seaborn:另一个基于Matplotlib的绘图库为绘制有吸引力的图像而提供高级接口</p>\r\n\r\n<p><br />\r\n14,**用于建模的Python库**<br />\r\nScikit-learn:它是Python建模中的佼佼者,支持机器学习中执行的不同操作,如分类,回归,聚类和模型选择等</p>\r\n\r\n<p>15,Tensorflow:这是一个流行的深度学习库,提供模型构建,机器学习生产及强大的实验工具和库</p>\r\n\r\n<p>16,**用于数据解释型的Python库**<br />\r\nLIME:这是一种算法(库),可以解释任何分类器或回归量的预测</p>\r\n\r\n<p>17,H2O:通过可视化提供机器学习可解释性(MLI)说明建模结构和模型中特征的影响</p>\r\n\r\n<p>18,**用于音频处理的Python库:**<br />\r\nLibROSA:一个用于音乐和音频分析的Python库,提供了创建音乐信息检索系统所需的构建块</p>\r\n\r\n<p>19,pyAudioAnalysis:一个用于音频特征提取,分类和分段的Python库,涵盖广泛的音频分析任务</p>\r\n\r\n<p>20,**用于图像处理的Python库**<br />\r\nOpenCV-Python:用于图像处理的Python API,主要用于解决计算机视觉问题</p>\r\n\r\n<p>21,Scikit-image:可执行多个不同图像处理任务的算法集合,用于图像分割,几何变换,色彩空间操作等等</p>\r\n\r\n<p>22,Pillow:它是从Python Imaging Library 中派生出来的,可以执行逐像素操作掩模和透明处理等等</p>\r\n\r\n<p>**用于部署的Python库**<br />\r\n23,django:Python web框架的先驱,大而全,功能及其强大,非常适合企业级网站的开发</p>\r\n\r\n<p>24,flask:一个用Python编写的Web框架,小巧,灵活,非常适用于小型网站</p>\r\n',2,0,'2021-03-09 13:49:25.314572','2021-03-10 01:55:59.902942',1,1),(2,'article/2021/03/09/python_iPnDWly.png','Python关键字总结1','关键字','abs(),bin()...','<p>一,各个关键字代表的含义<br />\r\nabs():取元素绝对值<br />\r\nnp.array():表示数组<br />\r\nnp.argsort():返回元素排序的下标位置(针对索引)<br />\r\nnp.sum():求和(针对数组)<br />\r\nnp.sqrt():开平方<br />\r\nnp.mean():求平均值<br />\r\nnp.stu():求标准差<br />\r\nloadtxt:读取文件(属性如下)<br />\r\ndelimiter = &quot;,&quot;:分隔符<br />\r\nskiprows = 1:空除第一行<br />\r\nusecols=(17,13,2):分别使用第17,13,2列<br />\r\nc:collections<br />\r\nc.Counter(sortlabel[0:k]).most_common(1)[0][0]:出现次数最多的元素<br />\r\n.print:输出<br />\r\nord():将字符转化为ASCII<br />\r\nchar():将ASCII转换为字符串<br />\r\nbin():十 --- 二<br />\r\noct():十 --- 八<br />\r\nhex():十 --- 十六<br />\r\neval():十六 --- 十<br />\r\nint():其他 --- 十<br />\r\nlist.sort():列表排序<br />\r\nstr(字符串).split(&#39;,&#39;):以逗号分隔<br />\r\n%s:字符串 &nbsp;%d:整数<br />\r\n%f:小数<br />\r\nsorted(内容):所有可迭代的对象&nbsp;<br />\r\nlist.sort(reverse=True):降序排列<br />\r\ncontent.decode(&quot;编码类型&quot;):编码<br />\r\ncontent.encode(&quot;编码类型&quot;):解码<br />\r\n+:同类型拼接 &nbsp;<br />\r\nprint(&quot;姓名：{0} 年龄：{1}&quot;.format(&#39;zs&#39;,age))<br />\r\nprint(&quot;姓名:%s 年龄:%d&quot; %(&#39;ct&#39;,35)) &nbsp;#%f[小数（浮点数）] %s [字符串]<br />\r\n%d [整数]&nbsp;</p>\r\n',1,0,'2021-03-09 13:50:41.713544','2021-03-09 13:50:43.744427',1,1),(3,'article/2021/03/10/python.png','Python关键字总结2','第三方模块总结','贴片,进制','<p>import os<br />\r\nos.system(&#39;cls&#39;):清屏<br />\r\nos._exit(0):退出<br />\r\nchoice.lower() == &#39;y&#39;:输入的字母为小写y,一般用于条件判断</p>\r\n\r\n<p>import time<br />\r\ntime = time.strftime(&quot;%Y%m%d%H%M%S&quot;,time.localtime()):当前时间<br />\r\ntime.sleep(秒数):延迟<br />\r\ntime.time():当前时间</p>\r\n\r\n<p>continue:跳出循环,重复操作<br />\r\nbreak:跳出循环:进行下一步操作<br />\r\nend = &quot;&quot; :不换行,输出为一行</p>\r\n\r\n<p>import getpass (暂时无法实现)<br />\r\npassword = getpass.getpass(&#39;要输入的密码&#39;):密码隐藏</p>\r\n\r\n<p>arr.shape:查看数组几行几列<br />\r\narr.dtype:数组的数据类型<br />\r\nur.urlretrieve():将文件下载到本地进度条<br />\r\n.print:输出</p>\r\n\r\n<p>map用法:<br />\r\n1,定义一个函数,<br />\r\ndef square(x): &nbsp;#计算平方数<br />\r\n&nbsp; &nbsp; return x ** 2<br />\r\nmap(函数名(square),一个或多个序列(列表))<br />\r\n#计算列表中的元素平方</p>\r\n\r\n<p>2,使用lambda匿名函数<br />\r\nmap(lambda x: x **2 ,序列(列表))<br />\r\n#计算列表中的元素平方</p>\r\n\r\n<p>3,提供了两个列表.对相同位置的数据进行相加<br />\r\nmap(lambda x,y:x+y,[1,3,1,4,5,2,1],[1,0,1,0,1,0,9])</p>\r\n\r\n<p>enumerate:指定列表元素下标并输出,一般用于for循环<br />\r\nstart指定下标开始位置,默认为0<br />\r\neg:<br />\r\nseq = [&#39;one&#39;,&#39;two&#39;,&#39;three&#39;]<br />\r\nfor i , element in enumerate(seq,start = 2):<br />\r\n&nbsp; &nbsp; print(i,element)<br />\r\n#2 one<br />\r\n#3 two<br />\r\n#4 three</p>\r\n\r\n<p># 9, 分片:[::]:起始, 末尾(不包含), 步长 - --&gt;取末尾的前一个<br />\r\n# [:]:取所有<br />\r\n#<br />\r\n# 10, 表达式, 运算符<br />\r\n# 表达式 = 操作数 + 运算符<br />\r\n# 运算符:7 个<br />\r\n# 算术运算符:+(加) *(乘) /(除) -(减) %(求余) //(整除)<br />\r\n# 比较运算符:= &lt; &gt;<br />\r\n# 逻辑运算符: and or not<br />\r\n# 成员运算符: in not in<br />\r\n# 身份运算符: is is not<br />\r\n#详细说明(代码实现位运算符)<br />\r\n# 位运算符: &lt;&lt; 左移 &lt;&lt; 右移<br />\r\n# 异或 ^</p>\r\n\r\n<p>=:赋值<br />\r\n==:判断是否相等(在if中使用)</p>\r\n\r\n<p>都和numpy有关<br />\r\n在灵活的包装器np.(add, sub, mul, div, mod, pow)算术运算符:+，-，*，/，%，**</p>\r\n\r\n<p>1,数据类型<br />\r\nbool:布尔型(True,False)<br />\r\nint:整型(整数)<br />\r\nfloat:浮点型(小数)<br />\r\ncomplex:复数</p>\r\n\r\n<p>2,进制转换<br />\r\nbin():将给的参数转化成二进制<br />\r\noct():将给的参数转换成八进制<br />\r\nhex():将给的参数转换成十六进制</p>\r\n\r\n<p>3,数学运算<br />\r\nabs():返回绝对值<br />\r\ndivmode():返回商和余数<br />\r\nround():四舍五入<br />\r\nsum():求和<br />\r\npow(a,b):求a的b次幂,如果有三个参数,则求完次幂后对第三个数取余<br />\r\nmin():求最小值<br />\r\nmax():求最大值</p>\r\n\r\n<p>1,序列<br />\r\n1).列表和元组<br />\r\nlist():将一个可迭代对象转换成列表<br />\r\ntuple():将一个可迭代对象转换成元组<br />\r\n2).相关内置函数<br />\r\nreversed():将一个序列翻转,返回翻转序列的迭代器<br />\r\nslice():列表的切片<br />\r\n3).字符串<br />\r\nstr():将数据转化成字符串<br />\r\nbytes():把字符串转化成bytes类型<br />\r\nord():输入字符找带字符编码的位置<br />\r\nchr():输入位置数字找出对应的字符<br />\r\nascii():是ascii码中的返回该值,不是就返回u<br />\r\nrepr():返回一个对象的string形式</p>\r\n\r\n<p>2.数据集合<br />\r\n字典:dict创建一个字典<br />\r\n集合:set创建一个集合</p>\r\n\r\n<p>3.相关内置函数<br />\r\nlen():返回一个对象中的元素的个数<br />\r\nsorted():对可迭代对象进行排序操作(lamda)<br />\r\nlterable:可迭代对象<br />\r\nreverse:是否是倒叙,True:倒叙,False:正序<br />\r\nenumerate():获取集合的枚举对象</p>\r\n\r\n<p>key:排序规则(排序函数)<br />\r\nall():可迭代对象中全部是True,结果才是True<br />\r\nany():可迭代对象中有一个是True,结果就是True<br />\r\nfiter():过滤(lamda)<br />\r\nmap():会根据提供的函数对指定序列做出映射(lamda)<br />\r\nzip():用于将可迭代对象作为参数</p>\r\n\r\n<p>和作用域有关:<br />\r\nlocals():返回当前作用域中的名字<br />\r\nglobals():返回全局作用域中的名字</p>\r\n\r\n<p>和迭代器生成器相关:<br />\r\nrange():生成数据<br />\r\niter():获取迭代器,内部实际使用的是__iter__()方法来获取迭代器<br />\r\nnext():迭代器向下执行一次,内部实际使用了__next__()方法返回迭代器的下一个项目</p>\r\n\r\n<p>字符串类型代码的执行:<br />\r\neval():执行字符串类型的代码,并返回最终结果<br />\r\nexec():执行字符串类型的代码<br />\r\ncompile():将字符串类型的代码编码,代码对象能够通过exec语句来执行或者eval()进行求值</p>\r\n\r\n<p>输入输出:<br />\r\nprint():打印输出<br />\r\ninput():获取用户输入的内容</p>\r\n\r\n<p>内存相关:<br />\r\nhash():获取到对象的哈希值(int,str,bool,tuple)</p>\r\n\r\n<p>文件操作相关:<br />\r\nopen():用于打开一个文件,创建一个文件句柄</p>\r\n\r\n<p>模块相关:<br />\r\n__import__():用于动态加载类和函数</p>\r\n\r\n<p>帮助:<br />\r\nhelp():函数用于查看函数或模块用途的详细说明</p>\r\n\r\n<p>调用相关:<br />\r\ncallable():用于检查一个对象是否是可调用的,</p>\r\n\r\n<p>查看内置属性:<br />\r\ndir():查看对象的内置属性,访问的是对象中的__dir__()方法</p>\r\n',8,2,'2021-03-10 01:58:27.732050','2021-03-10 02:21:52.897807',1,1),(4,'article/2021/03/10/python_TcDzXLB.png','Scrapy总结','爬虫框架','Scrapy的安装配置','<p>1,Scrapy的安装配置<br />\r\n①,先安装将twisted文件放到E盘根目录下<br />\r\n#前提必须安装wheel模块,为了安装whl文件<br />\r\n②,E:&mdash;&gt;pip install Twisted-18.4.0-cp36-cp36m-win_amd64.whl<br />\r\n③,pip install scrapy==1.5.0</p>\r\n\r\n<p>2,在E盘创建Scrapy工程:<br />\r\nE: &mdash;&gt; scrapy startproject doubanmovie &mdash;&gt;<br />\r\ncd doubanmovie &mdash;&gt;scrapy genspider moviespider douban.com</p>\r\n\r\n<p>3,爬虫主程序的编写:<br />\r\n在Pycharm工具打开doubanmovie下级目录的doubanmovie<br />\r\n①,添加浏览器标识<br />\r\n将rotate_useragent文件放到doubanmovie文件夹下<br />\r\n②,在settings中的DOWNLOAD_MIDDLEWARES中添加配置信息<br />\r\n添加禁用框架自带的浏览器标识及设置浏览器标识<br />\r\n#禁用框架自带的浏览器标识<br />\r\n&lsquo;scrapy.contrib.downloadermiddleware.useragent.UserAgentMiddleware&rsquo;: None,<br />\r\n#设置浏览器标识<br />\r\n&lsquo;doubanmovie.rotate_useragent.RotateUserAgentMiddleware&rsquo;:400<br />\r\n②-①,编写settings,py,启动管道组件,ITEM_PIPELINES 以及其他相关设置</p>\r\n\r\n<p>③,编写主程序</p>\r\n\r\n<p>④,执行<br />\r\nscrapy crawl (spiders下文件,不包含后缀)</p>\r\n\r\n<p>注意:设置浏览器标识时,第一个应为项目名</p>\r\n\r\n<p>爬虫爬取数据流程(scrapy)<br />\r\n1,scrapy startproject XXXX<br />\r\n2,scrapy genspider XXXX &ldquo;http://www.XXXX.com&rdquo;<br />\r\n3,编写item.py,明确需要提取的数据<br />\r\n4,编写spiders/xxxx.py ,编写爬虫文件,处理请求和响应,以及提取数据(yield item )<br />\r\n5,编写pipelines.py , 编写管道文件,处理spider返回item,比如本地持久化存储等&hellip;<br />\r\n6,编写settings,py,启动管道组件,ITEM_PIPELINES 以及其他相关设置<br />\r\n7,执行爬虫<br />\r\n&nbsp;</p>\r\n',2,0,'2021-03-10 02:03:39.623905','2021-03-10 02:21:45.101374',1,1),(6,'article/2021/03/10/测试.jpg','软件测试之自动化测试1','软件测试','自动化测试','<p>测试的基础分类与每个类型的测试目标<br />\r\n1.1,基于项目流程的测试分类<br />\r\n软件开发的基本流程</p>\r\n\r\n<p>需求分析---&gt;设计---&gt;编码---&gt;单元测试---&gt;集成测试---&gt;系统测试---&gt;验收测试</p>\r\n\r\n<p>项目流程测试分类:<br />\r\n单元(模块)测试:对程序中的单个子程序或者具有独立工程的代码进行测试的过程<br />\r\n是指软件中最小可测试单元进行检查和验证<br />\r\n&nbsp;&nbsp; &nbsp;在程序测试中单元测试可能是针对一个函数或者类<br />\r\n&nbsp;&nbsp; &nbsp;在图形化界面测试中单元测试针对一个最小功能单元,如验证码显示,系统登录<br />\r\n集成测试:在单元测试基础上,将单元模块组装成系统或子系统再进行测试,检查模块间的接口是否正确<br />\r\n系统测试:针对整个产品系统进行测试,验证系统是否满足了需求规格的定义,以及软件系统的正确性和性能等是否按摩足其规约所指定的要求<br />\r\n验收测试:部署软件前的最后一个测试操作,验收测试的目的确保软件准备就绪,向购买者展示该软件已经满足用户的需求</p>\r\n\r\n<p><br />\r\n1.2,基于测试方式的测试分类<br />\r\n黑盒测试:通过对软件的输入数据去查阅输出结果是否正确,针对程序外部结构,不考虑内部逻辑结构,主要针对软件界面和功能进行测试,一般通过操作软件来完成测试<br />\r\n白盒测试:分析产品的交付代码,进而编写测试程序来测试产品是否符合功能以及性能需求,对产品代码进行分析,并编写测试用例,可以测试目标的执行效率,执行时间,合理性,结果精确,效率低下<br />\r\n灰盒测试:介于黑盒和白盒之间,部分核心功能以及性能测试通过白盒测试,其余为黑盒</p>\r\n\r\n<p>1.3,基于测试目的的测试分类</p>\r\n\r\n<p>功能测试:检测实际的功能是否满足用户的需求,</p>\r\n\r\n<p>性能测试:通过自动化测试工具模拟正常,峰值以及异常负载条件来对&nbsp;&nbsp; &nbsp;<br />\r\n&nbsp;&nbsp; &nbsp;&nbsp;&nbsp; &nbsp;系统的各项性能指标进行测试</p>\r\n\r\n<p>&nbsp;&nbsp; &nbsp;&nbsp;&nbsp; &nbsp;时间性能测试:软件的响应时间是否符合测试需求(eg:登录时间)<br />\r\n&nbsp;&nbsp; &nbsp;&nbsp;&nbsp; &nbsp;<br />\r\n&nbsp;&nbsp; &nbsp;&nbsp;&nbsp; &nbsp;硬件性能测试:指软件运行时所消耗的系统资源,比如硬件资源,CPU,内存,网络宽带消耗等</p>\r\n\r\n<p>两者的优先级:系统测试首先进行功能测试,满足功能需求后进行性能测试</p>\r\n\r\n<p>1.4,自动化测试与手动测试<br />\r\n手动测试:人为去执行测试用例,通过鼠标键盘等外部设备来操作系统的UI界面,查看返回结果是否符合预期的结果</p>\r\n\r\n<p>自动化测试:通过测试程序模拟用户对软件的操作行为<br />\r\n自动化测试过程:根据测试用例中描述的规程一步步执行测试,并比对实际结果<br />\r\n自动化功能测试:通过编码的方式用一段程序来测试一个软件的功能<br />\r\n自动化性能测试:模拟大量用户向系统发送请求,用来验证系统的处理能力,&nbsp;&nbsp; &nbsp;一般用自动化测试工具完成(例如loadrunner),也可以通过自定义程序完成</p>\r\n\r\n<p>1.5,其他测试类型<br />\r\n冒烟测试:测试前验证基本功能是否可以实现<br />\r\n回归测试:修改旧代码后,重新进行测试已确定修改后是否产生或引起其他的错误<br />\r\n随机测试:指测试中输入数据是随机的,目的模拟用户的真实操作,发现一些边缘性问题<br />\r\n探索性测试:碰到测试问题对测试策略进行探索性尝试<br />\r\n安全测试:对产品进行检验以验证产品是否符合安全需求定义和产品质量标准的过程</p>\r\n\r\n<p><br />\r\n使用场景:<br />\r\n2.1,自动化测试的优缺点<br />\r\n优点:<br />\r\n1,对程序的回归测试更方便<br />\r\n2,可以运行更多更繁琐的测试<br />\r\n3,可以执行一些手工测试困难或者不可能进行的测试.比如,对于大量用户的测试<br />\r\n4,测试具有一致性和可重复性<br />\r\n5,测试的复用性<br />\r\n6,增加软件信任度<br />\r\n缺点:<br />\r\n不能取代手工测试,有很多需要人脑判断结果的测试用例无法用自动工具实现<br />\r\n手工比自动测试发现的缺陷更多<br />\r\n测试结果对测试人员开发的测试程序质量的依赖性极大<br />\r\n系统频繁升级会导致测试用例频繁升级</p>\r\n\r\n<p>概括:自动化测试无法取代手工测试,因此两者通常联合使用<br />\r\n并非所有系统都需要使用自动化测试手段,盲目使用会增加软件测试的风险</p>\r\n\r\n<p><br />\r\n2.2,自动化测试的基本原则<br />\r\n1,测试任务明确<br />\r\n2,系统融合度高<br />\r\n3,软件系统界面稳定<br />\r\n4,大量的重复测试任务<br />\r\n5,维护周期长<br />\r\n6,开发比较规范<br />\r\n7,具备自动化测试管理平台</p>\r\n\r\n<p><br />\r\n3.1,常用的自动化测试工具<br />\r\n自动化测试工具分类<br />\r\n①UI自动化测试工具:通过调用测试程序模拟用户操作BS或CS软件来实现测试的工具,按照编写测试程序的方式又分为:<br />\r\n录制以及回放工具:生成本次系统操作对应的程序代码段<br />\r\n自动化测试框架:第三方框架,封装了模拟用户操作软件UI界面的系列API接口</p>\r\n\r\n<p>一般建议手动编写测试程序分析系统代码结构和UI自动化测试工具结合使用</p>\r\n\r\n<p>常用的UI自动化测试工具:<br />\r\nQTP:企业级自动化测试工具,提供强大易用的录制回放功能,支持B/S与C/S两种框架的软件测试,是目前主流的自动化测试工具<br />\r\nRobot Framework:python编写的功能自动化测试框架,具备良好的可扩展性,支援关键字驱动,可以同时测试多种类型的客户端或者接口,可以进行分布式测试执行<br />\r\nWatir:基于Web模式的自动化功能测试,是一个Ruby语言库,使用ruby语言进行脚本开发</p>\r\n\r\n<p>*selenium:Web应用程序测试的工具,支持多平台,多浏览器,多语言去实现自动化测试,系列产品中包含自动化测试框架,录制工具,分布测试工具等</p>\r\n\r\n<p><br />\r\n②性能测试:通过自动化测试的工具模拟正常,峰值以及负载条件来对系统的各项性能指标进行测试<br />\r\n&nbsp;&nbsp; &nbsp;负载测试:监控系统各项性能指标的变化情况<br />\r\n&nbsp;&nbsp; &nbsp;压力测试:获取系统能提供最大服务级别的测试</p>\r\n\r\n<p>性能测试工具:<br />\r\n&nbsp;可通过测试工具实现(eg:loadrunner等)<br />\r\n*可通过多线程模拟多用户访问来实现<br />\r\n&nbsp;通过脚本或工具可以监控服务器端资源的使用情况<br />\r\n③接口测试工具</p>\r\n\r\n<p>3.2,selenium工具:<br />\r\nselenium IDE功能:<br />\r\n记录用户的操作步骤<br />\r\n声明预期显示结果<br />\r\n声明程序注释<br />\r\n通过配置可编译成Python,Java等语言的测试脚本,测试脚本中调用selenium完成web访问操作</p>\r\n\r\n<p>3.3,selenium的理解<br />\r\n通过配置可编译成Python脚本,通过在脚本中调用selenium进行web访问,</p>\r\n\r\n<p>3.4,selenium有几种等待方式<br />\r\n两种<br />\r\n同步等待请求:time.sleep()<br />\r\n异步等待请求:driver.implicity_wait()</p>\r\n\r\n<p>4.2浏览器驱动程序<br />\r\nwebdriver:<br />\r\nchrome</p>\r\n\r\n<p>unittest框架:python的第三方单元测试框架也可以将单元测试组装为套件,可以依次执行多个单元测试案例<br />\r\n主要功能:<br />\r\n1,提供规范的测试函数声明<br />\r\n2,提供组装测试套件功能<br />\r\n3,提供了多个用于判断异常的断言<br />\r\n4,提供了装饰器用于屏蔽非目标测试函数</p>\r\n\r\n<p>单元测试用例:软件测试中最基本的组成单元,在unittest测试框架中被视为吃啥单元的运行实体,一个测试用例应包含一个或多个测试单元<br />\r\n&nbsp;&nbsp; &nbsp;测试用例:在unittest中测试用例对应一个实体类,包含多个测试函数(测试单元)<br />\r\n&nbsp;&nbsp; &nbsp;测试单元:对应一个测试函数,对应一个独立的单元测试用例,例如登录模块是测试用例,登录与退出登录分别为测试单元<br />\r\n&nbsp;</p>\r\n',2,0,'2021-03-10 02:06:41.865302','2021-03-10 02:21:59.064463',1,3),(7,'article/2021/03/10/AI.jpg','AI简单理论知识','机器学习概念','knn实现流程...','<p>1,机器学习<br />\r\n用大量数据进行训练，获取到 一个数据模型，预测就是应用训练的模型，来解决一个未知的问题</p>\r\n\r\n<p>2,knn实现流程<br />\r\n收集相关的数据<br />\r\n选择合适的feature和label<br />\r\n如果不知道如何选择feature可以先单独每个feature计算与label的相关度<br />\r\n选取合适的k<br />\r\n使用数据集进行新的预测</p>\r\n\r\n<p>3,分类和回归的区别(classification和regression)<br />\r\n回归是求topk的value求平均值<br />\r\n分类是求topk中出现最多的 类别</p>\r\n\r\n<p>4,标准化和归一化的选择<br />\r\n知道数据范围用归一化<br />\r\n不知道数据范围,数据变化可能很大,用标准化</p>\r\n\r\n<p>5,数据归一化<br />\r\n压缩样本数据到0~1之间,让向量之间的欧式距离变为标准欧式距离</p>\r\n\r\n<p>6,线性回归和knn的区别<br />\r\nknn必须需要有全套数据集，每次预测都要重新计算整套数据集&nbsp;<br />\r\n线性回归，数据集用完后，其实可以丢弃。 线性回归是算一个<br />\r\n模型。<br />\r\nknn可以理解成是数学统计学的方法研究问题&nbsp;<br />\r\n线性回归，是一种总结规律，总结模型的解决问题的方法。</p>\r\n\r\n<p>7,线性回归就是求线性函数的参数的值的过程</p>\r\n\r\n<p>8,梯度下降算法原理<br />\r\n随机选取m和b<br />\r\n分别对mse 求m和b的偏导<br />\r\n如果m和b的偏导都很小(接近0),就成功<br />\r\n根据学习速率计算出修改的值<br />\r\nb和m 分别减去要修改的值</p>\r\n\r\n<p>9,线性回归和逻辑回归的区别<br />\r\n线性回归:预测的数据是连续的<br />\r\n逻辑回归:预测的是分类的问题</p>\r\n\r\n<p>10,人脸识别操作<br />\r\n①下载sdk<br />\r\n②解压sdk<br />\r\n③进入api(解压后的文件夹)<br />\r\n④python setup.py install</p>\r\n',1,0,'2021-03-10 02:08:35.345040','2021-03-10 02:08:37.389690',1,4),(8,'article/2021/03/10/python_7OFeDYD.png','快捷键整理','常用快捷键整理','calc...','<p>&nbsp;</p>\r\n\r\n<p>1,calc:计算器</p>\r\n\r\n<p>2,regedit;注册表编辑器</p>\r\n\r\n<p>3,ipconfig:ip地址</p>\r\n\r\n<p>4,win+L:锁屏</p>\r\n\r\n<p>5,win+E:打开电脑</p>\r\n\r\n<p>6,pycharm中:ctrl+r:多个替换</p>\r\n\r\n<p>7,双击alt:电脑管家火箭加速</p>\r\n\r\n<p>8,alt + tab:软件界面切换</p>\r\n\r\n<p>9,tree /f:显示目录结构</p>\r\n\r\n<p>10,win+x a:管理员命令操作提示符</p>\r\n\r\n<p>11,选中模块,alt+enter:安装模块</p>\r\n\r\n<p>12.alt用鼠标选中,多条修改</p>\r\n\r\n<p>13,函数()内,ctrl+p:提示</p>\r\n\r\n<p>14,win + r :mspaint:画图快捷键</p>\r\n\r\n<p>15,slidetoshutdown :关机快捷键</p>\r\n\r\n<p>16,convert g:/fs:ntfs :u盘文件过大,无法复制,g为u盘盘符</p>\r\n\r\n<p>17,win + R :powershell:打开管理员模式</p>\r\n\r\n<p>18,在linux打开pycharm:./pycharm.sh</p>\r\n\r\n<p>19:定时关机:shutdown -s -t 秒数</p>\r\n\r\n<p>20,ctrl+alt+del:进入任务管理器</p>\r\n\r\n<p>21,打开服务:services.msc</p>\r\n\r\n<p>22，远程连接：mstsc</p>\r\n\r\n<p>23,删除多余服务:sc delete 服务器名称</p>\r\n\r\n<p>24,查看电脑系统内存大小:win+r ---&gt; msinfo32</p>\r\n\r\n<p>时区下的已安装物理内存就是笔记本内存大小</p>\r\n\r\n<p>&nbsp;</p>\r\n\r\n<p>&nbsp;</p>\r\n\r\n<p>&nbsp;</p>\r\n\r\n<p>&nbsp;</p>\r\n\r\n<p>&nbsp;</p>\r\n\r\n<p><!--5f39ae17-8c62-4a45-bc43-b32064c9388a:W3siYmxvY2tJZCI6IjIxNDItMTU1MzQ4NTkwNzA4MSIsImJsb2NrVHlwZSI6InBhcmFncmFwaCIsInN0eWxlcyI6eyJhbGlnbiI6ImxlZnQiLCJpbmRlbnQiOjAsInRleHQtaW5kZW50IjowLCJsaW5lLWhlaWdodCI6MS43NSwiYmFjay1jb2xvciI6IiIsInBhZGRpbmciOiIifSwidHlwZSI6InBhcmFncmFwaCIsInJpY2hUZXh0Ijp7ImRhdGEiOltdLCJpc1JpY2hUZXh0Ijp0cnVlLCJrZWVwTGluZUJyZWFrIjp0cnVlfX0seyJibG9ja0lkIjoiMTgxOS0xNTY2Nzg1NzQzMjAxIiwiYmxvY2tUeXBlIjoicGFyYWdyYXBoIiwic3R5bGVzIjp7ImFsaWduIjoibGVmdCIsImluZGVudCI6MCwidGV4dC1pbmRlbnQiOjAsImxpbmUtaGVpZ2h0IjoxLjc1LCJiYWNrLWNvbG9yIjoiIiwicGFkZGluZyI6IiJ9LCJ0eXBlIjoicGFyYWdyYXBoIiwicmljaFRleHQiOnsiZGF0YSI6W3siY2hhciI6IjEifSx7ImNoYXIiOiIsIn0seyJjaGFyIjoiYyJ9LHsiY2hhciI6ImEifSx7ImNoYXIiOiJsIn0seyJjaGFyIjoiYyJ9LHsiY2hhciI6IjoifSx7ImNoYXIiOiLorqEifSx7ImNoYXIiOiLnrpcifSx7ImNoYXIiOiLlmagifV0sImlzUmljaFRleHQiOnRydWUsImtlZXBMaW5lQnJlYWsiOnRydWV9fSx7ImJsb2NrSWQiOiI5MTYwLTE1NTM0ODU5NDE3MzkiLCJibG9ja1R5cGUiOiJwYXJhZ3JhcGgiLCJzdHlsZXMiOnsiYWxpZ24iOiJsZWZ0IiwiaW5kZW50IjowLCJ0ZXh0LWluZGVudCI6MCwibGluZS1oZWlnaHQiOjEuNzUsImJhY2stY29sb3IiOiIiLCJwYWRkaW5nIjoiIn0sInR5cGUiOiJwYXJhZ3JhcGgiLCJyaWNoVGV4dCI6eyJkYXRhIjpbeyJjaGFyIjoiMiJ9LHsiY2hhciI6IiwifSx7ImNoYXIiOiJyIn0seyJjaGFyIjoiZSJ9LHsiY2hhciI6ImcifSx7ImNoYXIiOiJlIn0seyJjaGFyIjoiZCJ9LHsiY2hhciI6ImkifSx7ImNoYXIiOiJ0In0seyJjaGFyIjoiOyJ9LHsiY2hhciI6IuazqCJ9LHsiY2hhciI6IuWGjCJ9LHsiY2hhciI6IuihqCJ9LHsiY2hhciI6Iue8liJ9LHsiY2hhciI6Iui+kSJ9LHsiY2hhciI6IuWZqCJ9XSwiaXNSaWNoVGV4dCI6dHJ1ZSwia2VlcExpbmVCcmVhayI6dHJ1ZX19LHsiYmxvY2tJZCI6IjgyMzktMTU1MzQ4NTk3ODczMiIsImJsb2NrVHlwZSI6InBhcmFncmFwaCIsInN0eWxlcyI6eyJhbGlnbiI6ImxlZnQiLCJpbmRlbnQiOjAsInRleHQtaW5kZW50IjowLCJsaW5lLWhlaWdodCI6MS43NSwiYmFjay1jb2xvciI6IiIsInBhZGRpbmciOiIifSwidHlwZSI6InBhcmFncmFwaCIsInJpY2hUZXh0Ijp7ImRhdGEiOlt7ImNoYXIiOiIzIn0seyJjaGFyIjoiLCJ9LHsiY2hhciI6ImkifSx7ImNoYXIiOiJwIn0seyJjaGFyIjoiYyJ9LHsiY2hhciI6Im8ifSx7ImNoYXIiOiJuIn0seyJjaGFyIjoiZiJ9LHsiY2hhciI6ImkifSx7ImNoYXIiOiJnIn0seyJjaGFyIjoiOiJ9LHsiY2hhciI6ImkifSx7ImNoYXIiOiJwIn0seyJjaGFyIjoi5ZywIn0seyJjaGFyIjoi5Z2AIn1dLCJpc1JpY2hUZXh0Ijp0cnVlLCJrZWVwTGluZUJyZWFrIjp0cnVlfX0seyJibG9ja0lkIjoiNTA4OS0xNTUzNDg1OTkyOTE2IiwiYmxvY2tUeXBlIjoicGFyYWdyYXBoIiwic3R5bGVzIjp7ImFsaWduIjoibGVmdCIsImluZGVudCI6MCwidGV4dC1pbmRlbnQiOjAsImxpbmUtaGVpZ2h0IjoxLjc1LCJiYWNrLWNvbG9yIjoiIiwicGFkZGluZyI6IiJ9LCJ0eXBlIjoicGFyYWdyYXBoIiwicmljaFRleHQiOnsiZGF0YSI6W3siY2hhciI6IjQifSx7ImNoYXIiOiIsIn0seyJjaGFyIjoidyJ9LHsiY2hhciI6ImkifSx7ImNoYXIiOiJuIn0seyJjaGFyIjoiKyJ9LHsiY2hhciI6IkwifSx7ImNoYXIiOiI6In0seyJjaGFyIjoi6ZSBIn0seyJjaGFyIjoi5bGPIn1dLCJpc1JpY2hUZXh0Ijp0cnVlLCJrZWVwTGluZUJyZWFrIjp0cnVlfX0seyJibG9ja0lkIjoiOTQ3OS0xNTUzNDg2MDE3NTQwIiwiYmxvY2tUeXBlIjoicGFyYWdyYXBoIiwic3R5bGVzIjp7ImFsaWduIjoibGVmdCIsImluZGVudCI6MCwidGV4dC1pbmRlbnQiOjAsImxpbmUtaGVpZ2h0IjoxLjc1LCJiYWNrLWNvbG9yIjoiIiwicGFkZGluZyI6IiJ9LCJ0eXBlIjoicGFyYWdyYXBoIiwicmljaFRleHQiOnsiZGF0YSI6W3siY2hhciI6IjUifSx7ImNoYXIiOiIsIn0seyJjaGFyIjoidyJ9LHsiY2hhciI6ImkifSx7ImNoYXIiOiJuIn0seyJjaGFyIjoiKyJ9LHsiY2hhciI6IkUifSx7ImNoYXIiOiI6In0seyJjaGFyIjoi5omTIn0seyJjaGFyIjoi5byAIn0seyJjaGFyIjoi55S1In0seyJjaGFyIjoi6ISRIn1dLCJpc1JpY2hUZXh0Ijp0cnVlLCJrZWVwTGluZUJyZWFrIjp0cnVlfX0seyJibG9ja0lkIjoiMjE4MC0xNTkwMzkyNjAyMDc0IiwiYmxvY2tUeXBlIjoicGFyYWdyYXBoIiwic3R5bGVzIjp7ImFsaWduIjoibGVmdCIsImluZGVudCI6MCwidGV4dC1pbmRlbnQiOjAsImxpbmUtaGVpZ2h0IjoxLjc1LCJiYWNrLWNvbG9yIjoiIiwicGFkZGluZyI6IiJ9LCJ0eXBlIjoicGFyYWdyYXBoIiwicmljaFRleHQiOnsiZGF0YSI6W3siY2hhciI6IjYifSx7ImNoYXIiOiIsIn0seyJjaGFyIjoicCJ9LHsiY2hhciI6InkifSx7ImNoYXIiOiJjIn0seyJjaGFyIjoiaCJ9LHsiY2hhciI6ImEifSx7ImNoYXIiOiJyIn0seyJjaGFyIjoibSJ9LHsiY2hhciI6IuS4rSJ9LHsiY2hhciI6IjoifSx7ImNoYXIiOiJjIn0seyJjaGFyIjoidCJ9LHsiY2hhciI6InIifSx7ImNoYXIiOiJsIn0seyJjaGFyIjoiKyJ9LHsiY2hhciI6InIifSx7ImNoYXIiOiI6In0seyJjaGFyIjoi5aSaIn0seyJjaGFyIjoi5LiqIn0seyJjaGFyIjoi5pu/In0seyJjaGFyIjoi5o2iIn1dLCJpc1JpY2hUZXh0Ijp0cnVlLCJrZWVwTGluZUJyZWFrIjp0cnVlfX0seyJibG9ja0lkIjoiNjQxNi0xNTUzNTY3MTc3MjI2IiwiYmxvY2tUeXBlIjoicGFyYWdyYXBoIiwic3R5bGVzIjp7ImFsaWduIjoibGVmdCIsImluZGVudCI6MCwidGV4dC1pbmRlbnQiOjAsImxpbmUtaGVpZ2h0IjoxLjc1LCJiYWNrLWNvbG9yIjoiIiwicGFkZGluZyI6IiJ9LCJ0eXBlIjoicGFyYWdyYXBoIiwicmljaFRleHQiOnsiZGF0YSI6W3siY2hhciI6IjcifSx7ImNoYXIiOiIsIn0seyJjaGFyIjoi5Y+MIn0seyJjaGFyIjoi5Ye7In0seyJjaGFyIjoiYSJ9LHsiY2hhciI6ImwifSx7ImNoYXIiOiJ0In0seyJjaGFyIjoiOiJ9LHsiY2hhciI6IueUtSJ9LHsiY2hhciI6IuiEkSJ9LHsiY2hhciI6IueuoSJ9LHsiY2hhciI6IuWutiJ9LHsiY2hhciI6IueBqyJ9LHsiY2hhciI6IueurSJ9LHsiY2hhciI6IuWKoCJ9LHsiY2hhciI6IumAnyJ9XSwiaXNSaWNoVGV4dCI6dHJ1ZSwia2VlcExpbmVCcmVhayI6dHJ1ZX19LHsiYmxvY2tJZCI6Ijk5NjUtMTU1MzU2NzIwNTg2NiIsImJsb2NrVHlwZSI6InBhcmFncmFwaCIsInN0eWxlcyI6eyJhbGlnbiI6ImxlZnQiLCJpbmRlbnQiOjAsInRleHQtaW5kZW50IjowLCJsaW5lLWhlaWdodCI6MS43NSwiYmFjay1jb2xvciI6IiIsInBhZGRpbmciOiIifSwidHlwZSI6InBhcmFncmFwaCIsInJpY2hUZXh0Ijp7ImRhdGEiOlt7ImNoYXIiOiI4In0seyJjaGFyIjoiLCJ9LHsiY2hhciI6ImEifSx7ImNoYXIiOiJsIn0seyJjaGFyIjoidCJ9LHsiY2hhciI6IiAifSx7ImNoYXIiOiIrIn0seyJjaGFyIjoiICJ9LHsiY2hhciI6InQifSx7ImNoYXIiOiJhIn0seyJjaGFyIjoiYiJ9LHsiY2hhciI6IjoifSx7ImNoYXIiOiLova8ifSx7ImNoYXIiOiLku7YifSx7ImNoYXIiOiLnlYwifSx7ImNoYXIiOiLpnaIifSx7ImNoYXIiOiLliIcifSx7ImNoYXIiOiLmjaIifSx7ImNoYXIiOiJcdCJ9LHsiY2hhciI6Ilx0In1dLCJpc1JpY2hUZXh0Ijp0cnVlLCJrZWVwTGluZUJyZWFrIjp0cnVlfX0seyJibG9ja0lkIjoiMjZ2a2l5MTU1NjAwODkwNjgzNSIsImJsb2NrVHlwZSI6InBhcmFncmFwaCIsInN0eWxlcyI6eyJhbGlnbiI6ImxlZnQiLCJpbmRlbnQiOjAsInRleHQtaW5kZW50IjowLCJsaW5lLWhlaWdodCI6MS43NSwiYmFjay1jb2xvciI6IiIsInBhZGRpbmciOiIifSwidHlwZSI6InBhcmFncmFwaCIsInJpY2hUZXh0Ijp7ImRhdGEiOlt7ImNoYXIiOiI5In0seyJjaGFyIjoiLCJ9LHsiY2hhciI6InQifSx7ImNoYXIiOiJyIn0seyJjaGFyIjoiZSJ9LHsiY2hhciI6ImUifSx7ImNoYXIiOiIgIn0seyJjaGFyIjoiLyJ9LHsiY2hhciI6ImYifSx7ImNoYXIiOiI6In0seyJjaGFyIjoi5pi+In0seyJjaGFyIjoi56S6In0seyJjaGFyIjoi55uuIn0seyJjaGFyIjoi5b2VIn0seyJjaGFyIjoi57uTIn0seyJjaGFyIjoi5p6EIn0seyJjaGFyIjoiXHQifV0sImlzUmljaFRleHQiOnRydWUsImtlZXBMaW5lQnJlYWsiOnRydWV9fSx7ImJsb2NrSWQiOiI3Njk1LTE1NTUwMzYyNTAxMTQiLCJibG9ja1R5cGUiOiJwYXJhZ3JhcGgiLCJzdHlsZXMiOnsiYWxpZ24iOiJsZWZ0IiwiaW5kZW50IjowLCJ0ZXh0LWluZGVudCI6MCwibGluZS1oZWlnaHQiOjEuNzUsImJhY2stY29sb3IiOiIiLCJwYWRkaW5nIjoiIn0sInR5cGUiOiJwYXJhZ3JhcGgiLCJyaWNoVGV4dCI6eyJkYXRhIjpbeyJjaGFyIjoiMSJ9LHsiY2hhciI6IjAifSx7ImNoYXIiOiIsIn0seyJjaGFyIjoidyJ9LHsiY2hhciI6ImkifSx7ImNoYXIiOiJuIn0seyJjaGFyIjoiKyJ9LHsiY2hhciI6IngifSx7ImNoYXIiOiIgIn0seyJjaGFyIjoiICJ9LHsiY2hhciI6IiAifSx7ImNoYXIiOiIgIn0seyJjaGFyIjoiYSJ9LHsiY2hhciI6IjoifSx7ImNoYXIiOiLnrqEifSx7ImNoYXIiOiLnkIYifSx7ImNoYXIiOiLlkZgifSx7ImNoYXIiOiLlkb0ifSx7ImNoYXIiOiLku6QifSx7ImNoYXIiOiLmk40ifSx7ImNoYXIiOiLkvZwifSx7ImNoYXIiOiLmj5AifSx7ImNoYXIiOiLnpLoifSx7ImNoYXIiOiLnrKYifV0sImlzUmljaFRleHQiOnRydWUsImtlZXBMaW5lQnJlYWsiOnRydWV9fSx7ImJsb2NrSWQiOiIxMjcxLTE1NTc4ODc3ODQwOTMiLCJibG9ja1R5cGUiOiJwYXJhZ3JhcGgiLCJzdHlsZXMiOnsiYWxpZ24iOiJsZWZ0IiwiaW5kZW50IjowLCJ0ZXh0LWluZGVudCI6MCwibGluZS1oZWlnaHQiOjEuNzUsImJhY2stY29sb3IiOiIiLCJwYWRkaW5nIjoiIn0sInR5cGUiOiJwYXJhZ3JhcGgiLCJyaWNoVGV4dCI6eyJkYXRhIjpbeyJjaGFyIjoiMSJ9LHsiY2hhciI6IjEifSx7ImNoYXIiOiIsIn0seyJjaGFyIjoi6YCJIiwic3R5bGVzIjp7ImZvbnQtc2l6ZSI6MTZ9fSx7ImNoYXIiOiLkuK0iLCJzdHlsZXMiOnsiZm9udC1zaXplIjoxNn19LHsiY2hhciI6IuaooSIsInN0eWxlcyI6eyJmb250LXNpemUiOjE2fX0seyJjaGFyIjoi5Z2XIiwic3R5bGVzIjp7ImZvbnQtc2l6ZSI6MTZ9fSx7ImNoYXIiOiIsIiwic3R5bGVzIjp7ImZvbnQtc2l6ZSI6MTZ9fSx7ImNoYXIiOiJhIiwic3R5bGVzIjp7ImZvbnQtc2l6ZSI6MTZ9fSx7ImNoYXIiOiJsIiwic3R5bGVzIjp7ImZvbnQtc2l6ZSI6MTZ9fSx7ImNoYXIiOiJ0Iiwic3R5bGVzIjp7ImZvbnQtc2l6ZSI6MTZ9fSx7ImNoYXIiOiIrIiwic3R5bGVzIjp7ImZvbnQtc2l6ZSI6MTZ9fSx7ImNoYXIiOiJlIiwic3R5bGVzIjp7ImZvbnQtc2l6ZSI6MTZ9fSx7ImNoYXIiOiJuIiwic3R5bGVzIjp7ImZvbnQtc2l6ZSI6MTZ9fSx7ImNoYXIiOiJ0Iiwic3R5bGVzIjp7ImZvbnQtc2l6ZSI6MTZ9fSx7ImNoYXIiOiJlIiwic3R5bGVzIjp7ImZvbnQtc2l6ZSI6MTZ9fSx7ImNoYXIiOiJyIiwic3R5bGVzIjp7ImZvbnQtc2l6ZSI6MTZ9fSx7ImNoYXIiOiI6Iiwic3R5bGVzIjp7ImZvbnQtc2l6ZSI6MTZ9fSx7ImNoYXIiOiLlrokiLCJzdHlsZXMiOnsiZm9udC1zaXplIjoxNn19LHsiY2hhciI6IuijhSIsInN0eWxlcyI6eyJmb250LXNpemUiOjE2fX0seyJjaGFyIjoi5qihIiwic3R5bGVzIjp7ImZvbnQtc2l6ZSI6MTZ9fSx7ImNoYXIiOiLlnZciLCJzdHlsZXMiOnsiZm9udC1zaXplIjoxNn19XSwiaXNSaWNoVGV4dCI6dHJ1ZSwia2VlcExpbmVCcmVhayI6dHJ1ZX19LHsiYmxvY2tJZCI6IjM3NzYtMTU1Nzg4Nzc4NDI1MCIsImJsb2NrVHlwZSI6InBhcmFncmFwaCIsInN0eWxlcyI6eyJhbGlnbiI6ImxlZnQiLCJpbmRlbnQiOjAsInRleHQtaW5kZW50IjowLCJsaW5lLWhlaWdodCI6MS43NSwiYmFjay1jb2xvciI6IiIsInBhZGRpbmciOiIifSwidHlwZSI6InBhcmFncmFwaCIsInJpY2hUZXh0Ijp7ImRhdGEiOlt7ImNoYXIiOiIxIn0seyJjaGFyIjoiMiJ9LHsiY2hhciI6Ii4ifSx7ImNoYXIiOiJhIn0seyJjaGFyIjoibCJ9LHsiY2hhciI6InQifSx7ImNoYXIiOiLnlKgifSx7ImNoYXIiOiLpvKAifSx7ImNoYXIiOiLmoIcifSx7ImNoYXIiOiLpgIkifSx7ImNoYXIiOiLkuK0ifSx7ImNoYXIiOiIsIn0seyJjaGFyIjoi5aSaIn0seyJjaGFyIjoi5p2hIn0seyJjaGFyIjoi5L+uIn0seyJjaGFyIjoi5pS5In1dLCJpc1JpY2hUZXh0Ijp0cnVlLCJrZWVwTGluZUJyZWFrIjp0cnVlfX0seyJibG9ja0lkIjoiMzc0Ny0xNTU3ODg3ODgyMjQ5IiwiYmxvY2tUeXBlIjoicGFyYWdyYXBoIiwic3R5bGVzIjp7ImFsaWduIjoibGVmdCIsImluZGVudCI6MCwidGV4dC1pbmRlbnQiOjAsImxpbmUtaGVpZ2h0IjoxLjc1LCJiYWNrLWNvbG9yIjoiIiwicGFkZGluZyI6IiJ9LCJ0eXBlIjoicGFyYWdyYXBoIiwicmljaFRleHQiOnsiZGF0YSI6W3siY2hhciI6IjEifSx7ImNoYXIiOiIzIn0seyJjaGFyIjoiLCJ9LHsiY2hhciI6IuWHvSJ9LHsiY2hhciI6IuaVsCJ9LHsiY2hhciI6IigifSx7ImNoYXIiOiIpIn0seyJjaGFyIjoi5YaFIn0seyJjaGFyIjoiLCJ9LHsiY2hhciI6ImMifSx7ImNoYXIiOiJ0In0seyJjaGFyIjoiciJ9LHsiY2hhciI6ImwifSx7ImNoYXIiOiIrIn0seyJjaGFyIjoicCJ9LHsiY2hhciI6IjoifSx7ImNoYXIiOiLmj5AifSx7ImNoYXIiOiLnpLoifSx7ImNoYXIiOiIgIn1dLCJpc1JpY2hUZXh0Ijp0cnVlLCJrZWVwTGluZUJyZWFrIjp0cnVlfX0seyJibG9ja0lkIjoiNDk4NS0xNTYxNjIwNjA2MTg1IiwiYmxvY2tUeXBlIjoicGFyYWdyYXBoIiwic3R5bGVzIjp7ImFsaWduIjoibGVmdCIsImluZGVudCI6MCwidGV4dC1pbmRlbnQiOjAsImxpbmUtaGVpZ2h0IjoxLjc1LCJiYWNrLWNvbG9yIjoiIiwicGFkZGluZyI6IiJ9LCJ0eXBlIjoicGFyYWdyYXBoIiwicmljaFRleHQiOnsiZGF0YSI6W3siY2hhciI6IjEifSx7ImNoYXIiOiI0In0seyJjaGFyIjoiLCJ9LHsiY2hhciI6IncifSx7ImNoYXIiOiJpIn0seyJjaGFyIjoibiJ9LHsiY2hhciI6IiAifSx7ImNoYXIiOiIrIn0seyJjaGFyIjoiICJ9LHsiY2hhciI6InIifSx7ImNoYXIiOiIgIn0seyJjaGFyIjoiOiJ9LHsiY2hhciI6Im0ifSx7ImNoYXIiOiJzIn0seyJjaGFyIjoicCJ9LHsiY2hhciI6ImEifSx7ImNoYXIiOiJpIn0seyJjaGFyIjoibiJ9LHsiY2hhciI6InQifSx7ImNoYXIiOiI6In0seyJjaGFyIjoi55S7In0seyJjaGFyIjoi5Zu+In0seyJjaGFyIjoi5b+rIn0seyJjaGFyIjoi5o23In0seyJjaGFyIjoi6ZSuIn1dLCJpc1JpY2hUZXh0Ijp0cnVlLCJrZWVwTGluZUJyZWFrIjp0cnVlfX0seyJibG9ja0lkIjoiOTU1NS0xNTcxNTU4MDc5MTQ2IiwiYmxvY2tUeXBlIjoicGFyYWdyYXBoIiwic3R5bGVzIjp7ImFsaWduIjoibGVmdCIsImluZGVudCI6MCwidGV4dC1pbmRlbnQiOjAsImxpbmUtaGVpZ2h0IjoxLjc1LCJiYWNrLWNvbG9yIjoiIiwicGFkZGluZyI6IiJ9LCJ0eXBlIjoicGFyYWdyYXBoIiwicmljaFRleHQiOnsiZGF0YSI6W3siY2hhciI6IjEifSx7ImNoYXIiOiI1In0seyJjaGFyIjoiLCJ9LHsiY2hhciI6InMifSx7ImNoYXIiOiJsIn0seyJjaGFyIjoiaSJ9LHsiY2hhciI6ImQifSx7ImNoYXIiOiJlIn0seyJjaGFyIjoidCJ9LHsiY2hhciI6Im8ifSx7ImNoYXIiOiJzIn0seyJjaGFyIjoiaCJ9LHsiY2hhciI6InUifSx7ImNoYXIiOiJ0In0seyJjaGFyIjoiZCJ9LHsiY2hhciI6Im8ifSx7ImNoYXIiOiJ3In0seyJjaGFyIjoibiJ9LHsiY2hhciI6IiAifSx7ImNoYXIiOiI6In0seyJjaGFyIjoi5YWzIn0seyJjaGFyIjoi5py6In0seyJjaGFyIjoi5b+rIn0seyJjaGFyIjoi5o23In0seyJjaGFyIjoi6ZSuIn1dLCJpc1JpY2hUZXh0Ijp0cnVlLCJrZWVwTGluZUJyZWFrIjp0cnVlfX0seyJibG9ja0lkIjoiNzYxNi0xNTYzMjQ5MzExODgzIiwiYmxvY2tUeXBlIjoicGFyYWdyYXBoIiwic3R5bGVzIjp7ImFsaWduIjoibGVmdCIsImluZGVudCI6MCwidGV4dC1pbmRlbnQiOjAsImxpbmUtaGVpZ2h0IjoxLjc1LCJiYWNrLWNvbG9yIjoiIiwicGFkZGluZyI6IiJ9LCJ0eXBlIjoicGFyYWdyYXBoIiwicmljaFRleHQiOnsiZGF0YSI6W3siY2hhciI6IjEifSx7ImNoYXIiOiI2In0seyJjaGFyIjoiLCJ9LHsiY2hhciI6ImMiLCJzdHlsZXMiOnsiZm9udC1zaXplIjoxNiwiY29sb3IiOiIjMzMzMzMzIiwiYmFjay1jb2xvciI6IiNmZmZmZmYifX0seyJjaGFyIjoibyIsInN0eWxlcyI6eyJmb250LXNpemUiOjE2LCJjb2xvciI6IiMzMzMzMzMiLCJiYWNrLWNvbG9yIjoiI2ZmZmZmZiJ9fSx7ImNoYXIiOiJuIiwic3R5bGVzIjp7ImZvbnQtc2l6ZSI6MTYsImNvbG9yIjoiIzMzMzMzMyIsImJhY2stY29sb3IiOiIjZmZmZmZmIn19LHsiY2hhciI6InYiLCJzdHlsZXMiOnsiZm9udC1zaXplIjoxNiwiY29sb3IiOiIjMzMzMzMzIiwiYmFjay1jb2xvciI6IiNmZmZmZmYifX0seyJjaGFyIjoiZSIsInN0eWxlcyI6eyJmb250LXNpemUiOjE2LCJjb2xvciI6IiMzMzMzMzMiLCJiYWNrLWNvbG9yIjoiI2ZmZmZmZiJ9fSx7ImNoYXIiOiJyIiwic3R5bGVzIjp7ImZvbnQtc2l6ZSI6MTYsImNvbG9yIjoiIzMzMzMzMyIsImJhY2stY29sb3IiOiIjZmZmZmZmIn19LHsiY2hhciI6InQiLCJzdHlsZXMiOnsiZm9udC1zaXplIjoxNiwiY29sb3IiOiIjMzMzMzMzIiwiYmFjay1jb2xvciI6IiNmZmZmZmYifX0seyJjaGFyIjoiICIsInN0eWxlcyI6eyJmb250LXNpemUiOjE2LCJjb2xvciI6IiMzMzMzMzMiLCJiYWNrLWNvbG9yIjoiI2ZmZmZmZiJ9fSx7ImNoYXIiOiJnIiwic3R5bGVzIjp7ImZvbnQtc2l6ZSI6MTYsImNvbG9yIjoiIzMzMzMzMyIsImJhY2stY29sb3IiOiIjZmZmZmZmIn19LHsiY2hhciI6IjoiLCJzdHlsZXMiOnsiZm9udC1zaXplIjoxNiwiY29sb3IiOiIjMzMzMzMzIiwiYmFjay1jb2xvciI6IiNmZmZmZmYifX0seyJjaGFyIjoiLyIsInN0eWxlcyI6eyJmb250LXNpemUiOjE2LCJjb2xvciI6IiMzMzMzMzMiLCJiYWNrLWNvbG9yIjoiI2ZmZmZmZiJ9fSx7ImNoYXIiOiJmIiwic3R5bGVzIjp7ImZvbnQtc2l6ZSI6MTYsImNvbG9yIjoiIzMzMzMzMyIsImJhY2stY29sb3IiOiIjZmZmZmZmIn19LHsiY2hhciI6InMiLCJzdHlsZXMiOnsiZm9udC1zaXplIjoxNiwiY29sb3IiOiIjMzMzMzMzIiwiYmFjay1jb2xvciI6IiNmZmZmZmYifX0seyJjaGFyIjoiOiIsInN0eWxlcyI6eyJmb250LXNpemUiOjE2LCJjb2xvciI6IiMzMzMzMzMiLCJiYWNrLWNvbG9yIjoiI2ZmZmZmZiJ9fSx7ImNoYXIiOiJuIiwic3R5bGVzIjp7ImZvbnQtc2l6ZSI6MTYsImNvbG9yIjoiIzMzMzMzMyIsImJhY2stY29sb3IiOiIjZmZmZmZmIn19LHsiY2hhciI6InQiLCJzdHlsZXMiOnsiZm9udC1zaXplIjoxNiwiY29sb3IiOiIjMzMzMzMzIiwiYmFjay1jb2xvciI6IiNmZmZmZmYifX0seyJjaGFyIjoiZiIsInN0eWxlcyI6eyJmb250LXNpemUiOjE2LCJjb2xvciI6IiMzMzMzMzMiLCJiYWNrLWNvbG9yIjoiI2ZmZmZmZiJ9fSx7ImNoYXIiOiJzIiwic3R5bGVzIjp7ImZvbnQtc2l6ZSI6MTYsImNvbG9yIjoiIzMzMzMzMyIsImJhY2stY29sb3IiOiIjZmZmZmZmIn19LHsiY2hhciI6IiAiLCJzdHlsZXMiOnsiZm9udC1zaXplIjoxNiwiY29sb3IiOiIjMzMzMzMzIiwiYmFjay1jb2xvciI6IiNmZmZmZmYifX0seyJjaGFyIjoiOiIsInN0eWxlcyI6eyJmb250LXNpemUiOjE2LCJjb2xvciI6IiMzMzMzMzMiLCJiYWNrLWNvbG9yIjoiI2ZmZmZmZiJ9fSx7ImNoYXIiOiJ1Iiwic3R5bGVzIjp7ImZvbnQtc2l6ZSI6MTYsImNvbG9yIjoiIzMzMzMzMyIsImJhY2stY29sb3IiOiIjZmZmZmZmIn19LHsiY2hhciI6IuebmCIsInN0eWxlcyI6eyJmb250LXNpemUiOjE2LCJjb2xvciI6IiMzMzMzMzMiLCJiYWNrLWNvbG9yIjoiI2ZmZmZmZiJ9fSx7ImNoYXIiOiLmlociLCJzdHlsZXMiOnsiZm9udC1zaXplIjoxNiwiY29sb3IiOiIjMzMzMzMzIiwiYmFjay1jb2xvciI6IiNmZmZmZmYifX0seyJjaGFyIjoi5Lu2Iiwic3R5bGVzIjp7ImZvbnQtc2l6ZSI6MTYsImNvbG9yIjoiIzMzMzMzMyIsImJhY2stY29sb3IiOiIjZmZmZmZmIn19LHsiY2hhciI6Iui/hyIsInN0eWxlcyI6eyJmb250LXNpemUiOjE2LCJjb2xvciI6IiMzMzMzMzMiLCJiYWNrLWNvbG9yIjoiI2ZmZmZmZiJ9fSx7ImNoYXIiOiLlpKciLCJzdHlsZXMiOnsiZm9udC1zaXplIjoxNiwiY29sb3IiOiIjMzMzMzMzIiwiYmFjay1jb2xvciI6IiNmZmZmZmYifX0seyJjaGFyIjoiLCIsInN0eWxlcyI6eyJmb250LXNpemUiOjE2LCJjb2xvciI6IiMzMzMzMzMiLCJiYWNrLWNvbG9yIjoiI2ZmZmZmZiJ9fSx7ImNoYXIiOiLml6AiLCJzdHlsZXMiOnsiZm9udC1zaXplIjoxNiwiY29sb3IiOiIjMzMzMzMzIiwiYmFjay1jb2xvciI6IiNmZmZmZmYifX0seyJjaGFyIjoi5rOVIiwic3R5bGVzIjp7ImZvbnQtc2l6ZSI6MTYsImNvbG9yIjoiIzMzMzMzMyIsImJhY2stY29sb3IiOiIjZmZmZmZmIn19LHsiY2hhciI6IuWkjSIsInN0eWxlcyI6eyJmb250LXNpemUiOjE2LCJjb2xvciI6IiMzMzMzMzMiLCJiYWNrLWNvbG9yIjoiI2ZmZmZmZiJ9fSx7ImNoYXIiOiLliLYiLCJzdHlsZXMiOnsiZm9udC1zaXplIjoxNiwiY29sb3IiOiIjMzMzMzMzIiwiYmFjay1jb2xvciI6IiNmZmZmZmYifX0seyJjaGFyIjoiLCIsInN0eWxlcyI6eyJmb250LXNpemUiOjE2LCJjb2xvciI6IiMzMzMzMzMiLCJiYWNrLWNvbG9yIjoiI2ZmZmZmZiJ9fSx7ImNoYXIiOiJnIiwic3R5bGVzIjp7ImZvbnQtc2l6ZSI6MTYsImNvbG9yIjoiIzMzMzMzMyIsImJhY2stY29sb3IiOiIjZmZmZmZmIn19LHsiY2hhciI6IuS4uiIsInN0eWxlcyI6eyJmb250LXNpemUiOjE2LCJjb2xvciI6IiMzMzMzMzMiLCJiYWNrLWNvbG9yIjoiI2ZmZmZmZiJ9fSx7ImNoYXIiOiJ1Iiwic3R5bGVzIjp7ImZvbnQtc2l6ZSI6MTYsImNvbG9yIjoiIzMzMzMzMyIsImJhY2stY29sb3IiOiIjZmZmZmZmIn19LHsiY2hhciI6IuebmCIsInN0eWxlcyI6eyJmb250LXNpemUiOjE2LCJjb2xvciI6IiMzMzMzMzMiLCJiYWNrLWNvbG9yIjoiI2ZmZmZmZiJ9fSx7ImNoYXIiOiLnm5giLCJzdHlsZXMiOnsiZm9udC1zaXplIjoxNiwiY29sb3IiOiIjMzMzMzMzIiwiYmFjay1jb2xvciI6IiNmZmZmZmYifX0seyJjaGFyIjoi56ymIiwic3R5bGVzIjp7ImZvbnQtc2l6ZSI6MTYsImNvbG9yIjoiIzMzMzMzMyIsImJhY2stY29sb3IiOiIjZmZmZmZmIn19XSwiaXNSaWNoVGV4dCI6dHJ1ZSwia2VlcExpbmVCcmVhayI6dHJ1ZX19LHsiYmxvY2tJZCI6IjQ1OTAtMTU3NzM2NjI4MjQ3NSIsImJsb2NrVHlwZSI6InBhcmFncmFwaCIsInN0eWxlcyI6eyJhbGlnbiI6ImxlZnQiLCJpbmRlbnQiOjAsInRleHQtaW5kZW50IjowLCJsaW5lLWhlaWdodCI6MS43NSwiYmFjay1jb2xvciI6IiIsInBhZGRpbmciOiIifSwidHlwZSI6InBhcmFncmFwaCIsInJpY2hUZXh0Ijp7ImRhdGEiOlt7ImNoYXIiOiIxIiwic3R5bGVzIjp7ImZvbnQtc2l6ZSI6MTYsImNvbG9yIjoiIzMzMzMzMyIsImJhY2stY29sb3IiOiIjZmZmZmZmIn19LHsiY2hhciI6IjciLCJzdHlsZXMiOnsiZm9udC1zaXplIjoxNiwiY29sb3IiOiIjMzMzMzMzIiwiYmFjay1jb2xvciI6IiNmZmZmZmYifX0seyJjaGFyIjoiLCIsInN0eWxlcyI6eyJmb250LXNpemUiOjE2LCJjb2xvciI6IiMzMzMzMzMiLCJiYWNrLWNvbG9yIjoiI2ZmZmZmZiJ9fSx7ImNoYXIiOiJ3Iiwic3R5bGVzIjp7ImZvbnQtc2l6ZSI6MTYsImNvbG9yIjoiIzMzMzMzMyIsImJhY2stY29sb3IiOiIjZmZmZmZmIn19LHsiY2hhciI6ImkiLCJzdHlsZXMiOnsiZm9udC1zaXplIjoxNiwiY29sb3IiOiIjMzMzMzMzIiwiYmFjay1jb2xvciI6IiNmZmZmZmYifX0seyJjaGFyIjoibiIsInN0eWxlcyI6eyJmb250LXNpemUiOjE2LCJjb2xvciI6IiMzMzMzMzMiLCJiYWNrLWNvbG9yIjoiI2ZmZmZmZiJ9fSx7ImNoYXIiOiIgIiwic3R5bGVzIjp7ImZvbnQtc2l6ZSI6MTYsImNvbG9yIjoiIzMzMzMzMyIsImJhY2stY29sb3IiOiIjZmZmZmZmIn19LHsiY2hhciI6IisiLCJzdHlsZXMiOnsiZm9udC1zaXplIjoxNiwiY29sb3IiOiIjMzMzMzMzIiwiYmFjay1jb2xvciI6IiNmZmZmZmYifX0seyJjaGFyIjoiICIsInN0eWxlcyI6eyJmb250LXNpemUiOjE2LCJjb2xvciI6IiMzMzMzMzMiLCJiYWNrLWNvbG9yIjoiI2ZmZmZmZiJ9fSx7ImNoYXIiOiJSIiwic3R5bGVzIjp7ImZvbnQtc2l6ZSI6MTYsImNvbG9yIjoiIzMzMzMzMyIsImJhY2stY29sb3IiOiIjZmZmZmZmIn19LHsiY2hhciI6IiAiLCJzdHlsZXMiOnsiZm9udC1zaXplIjoxNiwiY29sb3IiOiIjMzMzMzMzIiwiYmFjay1jb2xvciI6IiNmZmZmZmYifX0seyJjaGFyIjoiOiIsInN0eWxlcyI6eyJmb250LXNpemUiOjE2LCJjb2xvciI6IiMzMzMzMzMiLCJiYWNrLWNvbG9yIjoiI2ZmZmZmZiJ9fSx7ImNoYXIiOiJwIiwic3R5bGVzIjp7ImZvbnQtc2l6ZSI6MTYsImNvbG9yIjoiIzMzMzMzMyIsImJhY2stY29sb3IiOiIjZmZmZmZmIn19LHsiY2hhciI6Im8iLCJzdHlsZXMiOnsiZm9udC1zaXplIjoxNiwiY29sb3IiOiIjMzMzMzMzIiwiYmFjay1jb2xvciI6IiNmZmZmZmYifX0seyJjaGFyIjoidyIsInN0eWxlcyI6eyJmb250LXNpemUiOjE2LCJjb2xvciI6IiMzMzMzMzMiLCJiYWNrLWNvbG9yIjoiI2ZmZmZmZiJ9fSx7ImNoYXIiOiJlIiwic3R5bGVzIjp7ImZvbnQtc2l6ZSI6MTYsImNvbG9yIjoiIzMzMzMzMyIsImJhY2stY29sb3IiOiIjZmZmZmZmIn19LHsiY2hhciI6InIiLCJzdHlsZXMiOnsiZm9udC1zaXplIjoxNiwiY29sb3IiOiIjMzMzMzMzIiwiYmFjay1jb2xvciI6IiNmZmZmZmYifX0seyJjaGFyIjoicyIsInN0eWxlcyI6eyJmb250LXNpemUiOjE2LCJjb2xvciI6IiMzMzMzMzMiLCJiYWNrLWNvbG9yIjoiI2ZmZmZmZiJ9fSx7ImNoYXIiOiJoIiwic3R5bGVzIjp7ImZvbnQtc2l6ZSI6MTYsImNvbG9yIjoiIzMzMzMzMyIsImJhY2stY29sb3IiOiIjZmZmZmZmIn19LHsiY2hhciI6ImUiLCJzdHlsZXMiOnsiZm9udC1zaXplIjoxNiwiY29sb3IiOiIjMzMzMzMzIiwiYmFjay1jb2xvciI6IiNmZmZmZmYifX0seyJjaGFyIjoibCIsInN0eWxlcyI6eyJmb250LXNpemUiOjE2LCJjb2xvciI6IiMzMzMzMzMiLCJiYWNrLWNvbG9yIjoiI2ZmZmZmZiJ9fSx7ImNoYXIiOiJsIiwic3R5bGVzIjp7ImZvbnQtc2l6ZSI6MTYsImNvbG9yIjoiIzMzMzMzMyIsImJhY2stY29sb3IiOiIjZmZmZmZmIn19LHsiY2hhciI6IjoiLCJzdHlsZXMiOnsiZm9udC1zaXplIjoxNiwiY29sb3IiOiIjMzMzMzMzIiwiYmFjay1jb2xvciI6IiNmZmZmZmYifX0seyJjaGFyIjoi5omTIiwic3R5bGVzIjp7ImZvbnQtc2l6ZSI6MTYsImNvbG9yIjoiIzMzMzMzMyIsImJhY2stY29sb3IiOiIjZmZmZmZmIn19LHsiY2hhciI6IuW8gCIsInN0eWxlcyI6eyJmb250LXNpemUiOjE2LCJjb2xvciI6IiMzMzMzMzMiLCJiYWNrLWNvbG9yIjoiI2ZmZmZmZiJ9fSx7ImNoYXIiOiLnrqEiLCJzdHlsZXMiOnsiZm9udC1zaXplIjoxNiwiY29sb3IiOiIjMzMzMzMzIiwiYmFjay1jb2xvciI6IiNmZmZmZmYifX0seyJjaGFyIjoi55CGIiwic3R5bGVzIjp7ImZvbnQtc2l6ZSI6MTYsImNvbG9yIjoiIzMzMzMzMyIsImJhY2stY29sb3IiOiIjZmZmZmZmIn19LHsiY2hhciI6IuWRmCIsInN0eWxlcyI6eyJmb250LXNpemUiOjE2LCJjb2xvciI6IiMzMzMzMzMiLCJiYWNrLWNvbG9yIjoiI2ZmZmZmZiJ9fSx7ImNoYXIiOiLmqKEiLCJzdHlsZXMiOnsiZm9udC1zaXplIjoxNiwiY29sb3IiOiIjMzMzMzMzIiwiYmFjay1jb2xvciI6IiNmZmZmZmYifX0seyJjaGFyIjoi5byPIiwic3R5bGVzIjp7ImZvbnQtc2l6ZSI6MTYsImNvbG9yIjoiIzMzMzMzMyIsImJhY2stY29sb3IiOiIjZmZmZmZmIn19XSwiaXNSaWNoVGV4dCI6dHJ1ZSwia2VlcExpbmVCcmVhayI6dHJ1ZX19LHsiYmxvY2tJZCI6IjQxNjItMTU2Njc4NTc1MjI3MCIsImJsb2NrVHlwZSI6InBhcmFncmFwaCIsInN0eWxlcyI6eyJhbGlnbiI6ImxlZnQiLCJpbmRlbnQiOjAsInRleHQtaW5kZW50IjowLCJsaW5lLWhlaWdodCI6MS43NSwiYmFjay1jb2xvciI6IiIsInBhZGRpbmciOiIifSwidHlwZSI6InBhcmFncmFwaCIsInJpY2hUZXh0Ijp7ImRhdGEiOlt7ImNoYXIiOiIxIn0seyJjaGFyIjoiOCJ9LHsiY2hhciI6IiwifSx7ImNoYXIiOiLlnKgifSx7ImNoYXIiOiJsIn0seyJjaGFyIjoiaSJ9LHsiY2hhciI6Im4ifSx7ImNoYXIiOiJ1In0seyJjaGFyIjoieCJ9LHsiY2hhciI6IuaJkyJ9LHsiY2hhciI6IuW8gCJ9LHsiY2hhciI6InAifSx7ImNoYXIiOiJ5In0seyJjaGFyIjoiYyJ9LHsiY2hhciI6ImgifSx7ImNoYXIiOiJhIn0seyJjaGFyIjoiciJ9LHsiY2hhciI6Im0ifSx7ImNoYXIiOiI6In0seyJjaGFyIjoiLiJ9LHsiY2hhciI6Ii8ifSx7ImNoYXIiOiJwIn0seyJjaGFyIjoieSJ9LHsiY2hhciI6ImMifSx7ImNoYXIiOiJoIn0seyJjaGFyIjoiYSJ9LHsiY2hhciI6InIifSx7ImNoYXIiOiJtIn0seyJjaGFyIjoiLiJ9LHsiY2hhciI6InMifSx7ImNoYXIiOiJoIn1dLCJpc1JpY2hUZXh0Ijp0cnVlLCJrZWVwTGluZUJyZWFrIjp0cnVlfX0seyJibG9ja0lkIjoiNjEyNi0xNTY2Nzg1NzUyNDU3IiwiYmxvY2tUeXBlIjoicGFyYWdyYXBoIiwic3R5bGVzIjp7ImFsaWduIjoibGVmdCIsImluZGVudCI6MCwidGV4dC1pbmRlbnQiOjAsImxpbmUtaGVpZ2h0IjoxLjc1LCJiYWNrLWNvbG9yIjoiIiwicGFkZGluZyI6IiJ9LCJ0eXBlIjoicGFyYWdyYXBoIiwicmljaFRleHQiOnsiZGF0YSI6W3siY2hhciI6IjEifSx7ImNoYXIiOiI5In0seyJjaGFyIjoiOiJ9LHsiY2hhciI6IuWumiJ9LHsiY2hhciI6IuaXtiJ9LHsiY2hhciI6IuWFsyJ9LHsiY2hhciI6IuacuiJ9LHsiY2hhciI6IjoifSx7ImNoYXIiOiJzIiwic3R5bGVzIjp7ImZvbnQtc2l6ZSI6MTYsImNvbG9yIjoiIzMzMzMzMyIsImJhY2stY29sb3IiOiIjZmZmZmZmIn19LHsiY2hhciI6ImgiLCJzdHlsZXMiOnsiZm9udC1zaXplIjoxNiwiY29sb3IiOiIjMzMzMzMzIiwiYmFjay1jb2xvciI6IiNmZmZmZmYifX0seyJjaGFyIjoidSIsInN0eWxlcyI6eyJmb250LXNpemUiOjE2LCJjb2xvciI6IiMzMzMzMzMiLCJiYWNrLWNvbG9yIjoiI2ZmZmZmZiJ9fSx7ImNoYXIiOiJ0Iiwic3R5bGVzIjp7ImZvbnQtc2l6ZSI6MTYsImNvbG9yIjoiIzMzMzMzMyIsImJhY2stY29sb3IiOiIjZmZmZmZmIn19LHsiY2hhciI6ImQiLCJzdHlsZXMiOnsiZm9udC1zaXplIjoxNiwiY29sb3IiOiIjMzMzMzMzIiwiYmFjay1jb2xvciI6IiNmZmZmZmYifX0seyJjaGFyIjoibyIsInN0eWxlcyI6eyJmb250LXNpemUiOjE2LCJjb2xvciI6IiMzMzMzMzMiLCJiYWNrLWNvbG9yIjoiI2ZmZmZmZiJ9fSx7ImNoYXIiOiJ3Iiwic3R5bGVzIjp7ImZvbnQtc2l6ZSI6MTYsImNvbG9yIjoiIzMzMzMzMyIsImJhY2stY29sb3IiOiIjZmZmZmZmIn19LHsiY2hhciI6Im4iLCJzdHlsZXMiOnsiZm9udC1zaXplIjoxNiwiY29sb3IiOiIjMzMzMzMzIiwiYmFjay1jb2xvciI6IiNmZmZmZmYifX0seyJjaGFyIjoiICIsInN0eWxlcyI6eyJmb250LXNpemUiOjE2LCJjb2xvciI6IiMzMzMzMzMiLCJiYWNrLWNvbG9yIjoiI2ZmZmZmZiJ9fSx7ImNoYXIiOiItIiwic3R5bGVzIjp7ImZvbnQtc2l6ZSI6MTYsImNvbG9yIjoiIzMzMzMzMyIsImJhY2stY29sb3IiOiIjZmZmZmZmIn19LHsiY2hhciI6InMiLCJzdHlsZXMiOnsiZm9udC1zaXplIjoxNiwiY29sb3IiOiIjMzMzMzMzIiwiYmFjay1jb2xvciI6IiNmZmZmZmYifX0seyJjaGFyIjoiICIsInN0eWxlcyI6eyJmb250LXNpemUiOjE2LCJjb2xvciI6IiMzMzMzMzMiLCJiYWNrLWNvbG9yIjoiI2ZmZmZmZiJ9fSx7ImNoYXIiOiItIiwic3R5bGVzIjp7ImZvbnQtc2l6ZSI6MTYsImNvbG9yIjoiIzMzMzMzMyIsImJhY2stY29sb3IiOiIjZmZmZmZmIn19LHsiY2hhciI6InQiLCJzdHlsZXMiOnsiZm9udC1zaXplIjoxNiwiY29sb3IiOiIjMzMzMzMzIiwiYmFjay1jb2xvciI6IiNmZmZmZmYifX0seyJjaGFyIjoiICIsInN0eWxlcyI6eyJmb250LXNpemUiOjE2LCJjb2xvciI6IiMzMzMzMzMiLCJiYWNrLWNvbG9yIjoiI2ZmZmZmZiJ9fSx7ImNoYXIiOiIgIiwic3R5bGVzIjp7ImZvbnQtc2l6ZSI6MTYsImNvbG9yIjoiIzMzMzMzMyIsImJhY2stY29sb3IiOiIjZmZmZmZmIn19LHsiY2hhciI6IuenkiIsInN0eWxlcyI6eyJmb250LXNpemUiOjE2LCJjb2xvciI6IiMzMzMzMzMiLCJiYWNrLWNvbG9yIjoiI2ZmZmZmZiJ9fSx7ImNoYXIiOiLmlbAiLCJzdHlsZXMiOnsiZm9udC1zaXplIjoxNiwiY29sb3IiOiIjMzMzMzMzIiwiYmFjay1jb2xvciI6IiNmZmZmZmYifX1dLCJpc1JpY2hUZXh0Ijp0cnVlLCJrZWVwTGluZUJyZWFrIjp0cnVlfX0seyJibG9ja0lkIjoiNDUxMC0xNTg4OTk0MjgwODgyIiwiYmxvY2tUeXBlIjoicGFyYWdyYXBoIiwic3R5bGVzIjp7ImFsaWduIjoibGVmdCIsImluZGVudCI6MCwidGV4dC1pbmRlbnQiOjAsImxpbmUtaGVpZ2h0IjoxLjc1LCJiYWNrLWNvbG9yIjoiIiwicGFkZGluZyI6IiJ9LCJ0eXBlIjoicGFyYWdyYXBoIiwicmljaFRleHQiOnsiZGF0YSI6W3siY2hhciI6IjIiLCJzdHlsZXMiOnsiZm9udC1zaXplIjoxNiwiY29sb3IiOiIjMzMzMzMzIiwiYmFjay1jb2xvciI6IiNmZmZmZmYifX0seyJjaGFyIjoiMCIsInN0eWxlcyI6eyJmb250LXNpemUiOjE2LCJjb2xvciI6IiMzMzMzMzMiLCJiYWNrLWNvbG9yIjoiI2ZmZmZmZiJ9fSx7ImNoYXIiOiIsIiwic3R5bGVzIjp7ImZvbnQtc2l6ZSI6MTYsImNvbG9yIjoiIzMzMzMzMyIsImJhY2stY29sb3IiOiIjZmZmZmZmIn19LHsiY2hhciI6ImMiLCJzdHlsZXMiOnsiZm9udC1zaXplIjoxNiwiY29sb3IiOiIjMzMzMzMzIiwiYmFjay1jb2xvciI6IiNmZmZmZmYifX0seyJjaGFyIjoidCIsInN0eWxlcyI6eyJmb250LXNpemUiOjE2LCJjb2xvciI6IiMzMzMzMzMiLCJiYWNrLWNvbG9yIjoiI2ZmZmZmZiJ9fSx7ImNoYXIiOiJyIiwic3R5bGVzIjp7ImZvbnQtc2l6ZSI6MTYsImNvbG9yIjoiIzMzMzMzMyIsImJhY2stY29sb3IiOiIjZmZmZmZmIn19LHsiY2hhciI6ImwiLCJzdHlsZXMiOnsiZm9udC1zaXplIjoxNiwiY29sb3IiOiIjMzMzMzMzIiwiYmFjay1jb2xvciI6IiNmZmZmZmYifX0seyJjaGFyIjoiKyIsInN0eWxlcyI6eyJmb250LXNpemUiOjE2LCJjb2xvciI6IiMzMzMzMzMiLCJiYWNrLWNvbG9yIjoiI2ZmZmZmZiJ9fSx7ImNoYXIiOiJhIiwic3R5bGVzIjp7ImZvbnQtc2l6ZSI6MTYsImNvbG9yIjoiIzMzMzMzMyIsImJhY2stY29sb3IiOiIjZmZmZmZmIn19LHsiY2hhciI6ImwiLCJzdHlsZXMiOnsiZm9udC1zaXplIjoxNiwiY29sb3IiOiIjMzMzMzMzIiwiYmFjay1jb2xvciI6IiNmZmZmZmYifX0seyJjaGFyIjoidCIsInN0eWxlcyI6eyJmb250LXNpemUiOjE2LCJjb2xvciI6IiMzMzMzMzMiLCJiYWNrLWNvbG9yIjoiI2ZmZmZmZiJ9fSx7ImNoYXIiOiIrIiwic3R5bGVzIjp7ImZvbnQtc2l6ZSI6MTYsImNvbG9yIjoiIzMzMzMzMyIsImJhY2stY29sb3IiOiIjZmZmZmZmIn19LHsiY2hhciI6ImQiLCJzdHlsZXMiOnsiZm9udC1zaXplIjoxNiwiY29sb3IiOiIjMzMzMzMzIiwiYmFjay1jb2xvciI6IiNmZmZmZmYifX0seyJjaGFyIjoiZSIsInN0eWxlcyI6eyJmb250LXNpemUiOjE2LCJjb2xvciI6IiMzMzMzMzMiLCJiYWNrLWNvbG9yIjoiI2ZmZmZmZiJ9fSx7ImNoYXIiOiJsIiwic3R5bGVzIjp7ImZvbnQtc2l6ZSI6MTYsImNvbG9yIjoiIzMzMzMzMyIsImJhY2stY29sb3IiOiIjZmZmZmZmIn19LHsiY2hhciI6IjoiLCJzdHlsZXMiOnsiZm9udC1zaXplIjoxNiwiY29sb3IiOiIjMzMzMzMzIiwiYmFjay1jb2xvciI6IiNmZmZmZmYifX0seyJjaGFyIjoi6L+bIiwic3R5bGVzIjp7ImZvbnQtc2l6ZSI6MTYsImNvbG9yIjoiIzMzMzMzMyIsImJhY2stY29sb3IiOiIjZmZmZmZmIn19LHsiY2hhciI6IuWFpSIsInN0eWxlcyI6eyJmb250LXNpemUiOjE2LCJjb2xvciI6IiMzMzMzMzMiLCJiYWNrLWNvbG9yIjoiI2ZmZmZmZiJ9fSx7ImNoYXIiOiLku7siLCJzdHlsZXMiOnsiZm9udC1zaXplIjoxNiwiY29sb3IiOiIjMzMzMzMzIiwiYmFjay1jb2xvciI6IiNmZmZmZmYifX0seyJjaGFyIjoi5YqhIiwic3R5bGVzIjp7ImZvbnQtc2l6ZSI6MTYsImNvbG9yIjoiIzMzMzMzMyIsImJhY2stY29sb3IiOiIjZmZmZmZmIn19LHsiY2hhciI6IueuoSIsInN0eWxlcyI6eyJmb250LXNpemUiOjE2LCJjb2xvciI6IiMzMzMzMzMiLCJiYWNrLWNvbG9yIjoiI2ZmZmZmZiJ9fSx7ImNoYXIiOiLnkIYiLCJzdHlsZXMiOnsiZm9udC1zaXplIjoxNiwiY29sb3IiOiIjMzMzMzMzIiwiYmFjay1jb2xvciI6IiNmZmZmZmYifX0seyJjaGFyIjoi5ZmoIiwic3R5bGVzIjp7ImZvbnQtc2l6ZSI6MTYsImNvbG9yIjoiIzMzMzMzMyIsImJhY2stY29sb3IiOiIjZmZmZmZmIn19XSwiaXNSaWNoVGV4dCI6dHJ1ZSwia2VlcExpbmVCcmVhayI6dHJ1ZX19LHsiYmxvY2tJZCI6IjQzNzAtMTU4OTA3NDY5NTI3MSIsImJsb2NrVHlwZSI6InBhcmFncmFwaCIsInN0eWxlcyI6eyJhbGlnbiI6ImxlZnQiLCJpbmRlbnQiOjAsInRleHQtaW5kZW50IjowLCJsaW5lLWhlaWdodCI6MS43NSwiYmFjay1jb2xvciI6IiIsInBhZGRpbmciOiIifSwidHlwZSI6InBhcmFncmFwaCIsInJpY2hUZXh0Ijp7ImRhdGEiOlt7ImNoYXIiOiIyIiwic3R5bGVzIjp7ImZvbnQtc2l6ZSI6MTYsImNvbG9yIjoiIzMzMzMzMyIsImJhY2stY29sb3IiOiIjZmZmZmZmIn19LHsiY2hhciI6IjEiLCJzdHlsZXMiOnsiZm9udC1zaXplIjoxNiwiY29sb3IiOiIjMzMzMzMzIiwiYmFjay1jb2xvciI6IiNmZmZmZmYifX0seyJjaGFyIjoiLCIsInN0eWxlcyI6eyJmb250LXNpemUiOjE2LCJjb2xvciI6IiMzMzMzMzMiLCJiYWNrLWNvbG9yIjoiI2ZmZmZmZiJ9fSx7ImNoYXIiOiLmiZMiLCJzdHlsZXMiOnsiZm9udC1zaXplIjoxNiwiY29sb3IiOiIjMzMzMzMzIiwiYmFjay1jb2xvciI6IiNmZmZmZmYifX0seyJjaGFyIjoi5byAIiwic3R5bGVzIjp7ImZvbnQtc2l6ZSI6MTYsImNvbG9yIjoiIzMzMzMzMyIsImJhY2stY29sb3IiOiIjZmZmZmZmIn19LHsiY2hhciI6IuacjSIsInN0eWxlcyI6eyJmb250LXNpemUiOjE2LCJjb2xvciI6IiMzMzMzMzMiLCJiYWNrLWNvbG9yIjoiI2ZmZmZmZiJ9fSx7ImNoYXIiOiLliqEiLCJzdHlsZXMiOnsiZm9udC1zaXplIjoxNiwiY29sb3IiOiIjMzMzMzMzIiwiYmFjay1jb2xvciI6IiNmZmZmZmYifX0seyJjaGFyIjoiOiIsInN0eWxlcyI6eyJmb250LXNpemUiOjE2LCJjb2xvciI6IiMzMzMzMzMiLCJiYWNrLWNvbG9yIjoiI2ZmZmZmZiJ9fSx7ImNoYXIiOiJzIiwic3R5bGVzIjp7ImZvbnQtZmFtaWx5IjoiQXJpYWwiLCJjb2xvciI6IiMzMzMzMzMiLCJiYWNrLWNvbG9yIjoiI2ZmZmZmZiJ9fSx7ImNoYXIiOiJlIiwic3R5bGVzIjp7ImZvbnQtZmFtaWx5IjoiQXJpYWwiLCJjb2xvciI6IiMzMzMzMzMiLCJiYWNrLWNvbG9yIjoiI2ZmZmZmZiJ9fSx7ImNoYXIiOiJyIiwic3R5bGVzIjp7ImZvbnQtZmFtaWx5IjoiQXJpYWwiLCJjb2xvciI6IiMzMzMzMzMiLCJiYWNrLWNvbG9yIjoiI2ZmZmZmZiJ9fSx7ImNoYXIiOiJ2Iiwic3R5bGVzIjp7ImZvbnQtZmFtaWx5IjoiQXJpYWwiLCJjb2xvciI6IiMzMzMzMzMiLCJiYWNrLWNvbG9yIjoiI2ZmZmZmZiJ9fSx7ImNoYXIiOiJpIiwic3R5bGVzIjp7ImZvbnQtZmFtaWx5IjoiQXJpYWwiLCJjb2xvciI6IiMzMzMzMzMiLCJiYWNrLWNvbG9yIjoiI2ZmZmZmZiJ9fSx7ImNoYXIiOiJjIiwic3R5bGVzIjp7ImZvbnQtZmFtaWx5IjoiQXJpYWwiLCJjb2xvciI6IiMzMzMzMzMiLCJiYWNrLWNvbG9yIjoiI2ZmZmZmZiJ9fSx7ImNoYXIiOiJlIiwic3R5bGVzIjp7ImZvbnQtZmFtaWx5IjoiQXJpYWwiLCJjb2xvciI6IiMzMzMzMzMiLCJiYWNrLWNvbG9yIjoiI2ZmZmZmZiJ9fSx7ImNoYXIiOiJzIiwic3R5bGVzIjp7ImZvbnQtZmFtaWx5IjoiQXJpYWwiLCJjb2xvciI6IiMzMzMzMzMiLCJiYWNrLWNvbG9yIjoiI2ZmZmZmZiJ9fSx7ImNoYXIiOiIuIiwic3R5bGVzIjp7ImZvbnQtZmFtaWx5IjoiQXJpYWwiLCJjb2xvciI6IiMzMzMzMzMiLCJiYWNrLWNvbG9yIjoiI2ZmZmZmZiJ9fSx7ImNoYXIiOiJtIiwic3R5bGVzIjp7ImZvbnQtZmFtaWx5IjoiQXJpYWwiLCJjb2xvciI6IiMzMzMzMzMiLCJiYWNrLWNvbG9yIjoiI2ZmZmZmZiJ9fSx7ImNoYXIiOiJzIiwic3R5bGVzIjp7ImZvbnQtZmFtaWx5IjoiQXJpYWwiLCJjb2xvciI6IiMzMzMzMzMiLCJiYWNrLWNvbG9yIjoiI2ZmZmZmZiJ9fSx7ImNoYXIiOiJjIiwic3R5bGVzIjp7ImZvbnQtZmFtaWx5IjoiQXJpYWwiLCJjb2xvciI6IiMzMzMzMzMiLCJiYWNrLWNvbG9yIjoiI2ZmZmZmZiJ9fV0sImlzUmljaFRleHQiOnRydWUsImtlZXBMaW5lQnJlYWsiOnRydWV9fSx7ImJsb2NrSWQiOiI5OHRqaHkxNTkwMzc5MjM0NTk1IiwiYmxvY2tUeXBlIjoicGFyYWdyYXBoIiwic3R5bGVzIjp7ImFsaWduIjoibGVmdCIsImluZGVudCI6MCwidGV4dC1pbmRlbnQiOjAsImxpbmUtaGVpZ2h0IjoxLjc1LCJiYWNrLWNvbG9yIjoiIiwicGFkZGluZyI6IiJ9LCJ0eXBlIjoicGFyYWdyYXBoIiwicmljaFRleHQiOnsiZGF0YSI6W3siY2hhciI6IjIiLCJzdHlsZXMiOnsiZm9udC1mYW1pbHkiOiJBcmlhbCIsImNvbG9yIjoiIzMzMzMzMyIsImJhY2stY29sb3IiOiIjZmZmZmZmIn19LHsiY2hhciI6IjIiLCJzdHlsZXMiOnsiZm9udC1mYW1pbHkiOiJBcmlhbCIsImNvbG9yIjoiIzMzMzMzMyIsImJhY2stY29sb3IiOiIjZmZmZmZmIn19LHsiY2hhciI6Iu+8jCIsInN0eWxlcyI6eyJmb250LWZhbWlseSI6IkFyaWFsIiwiY29sb3IiOiIjMzMzMzMzIiwiYmFjay1jb2xvciI6IiNmZmZmZmYifX0seyJjaGFyIjoi6L+cIiwic3R5bGVzIjp7ImZvbnQtZmFtaWx5IjoiQXJpYWwiLCJjb2xvciI6IiMzMzMzMzMiLCJiYWNrLWNvbG9yIjoiI2ZmZmZmZiJ9fSx7ImNoYXIiOiLnqIsiLCJzdHlsZXMiOnsiZm9udC1mYW1pbHkiOiJBcmlhbCIsImNvbG9yIjoiIzMzMzMzMyIsImJhY2stY29sb3IiOiIjZmZmZmZmIn19LHsiY2hhciI6Iui/niIsInN0eWxlcyI6eyJmb250LWZhbWlseSI6IkFyaWFsIiwiY29sb3IiOiIjMzMzMzMzIiwiYmFjay1jb2xvciI6IiNmZmZmZmYifX0seyJjaGFyIjoi5o6lIiwic3R5bGVzIjp7ImZvbnQtZmFtaWx5IjoiQXJpYWwiLCJjb2xvciI6IiMzMzMzMzMiLCJiYWNrLWNvbG9yIjoiI2ZmZmZmZiJ9fSx7ImNoYXIiOiLvvJoiLCJzdHlsZXMiOnsiZm9udC1mYW1pbHkiOiJBcmlhbCIsImNvbG9yIjoiIzMzMzMzMyIsImJhY2stY29sb3IiOiIjZmZmZmZmIn19LHsiY2hhciI6Im0iLCJzdHlsZXMiOnsiZm9udC1zaXplIjoxNiwiY29sb3IiOiIjMzMzMzMzIiwiYmFjay1jb2xvciI6IiNmZmZmZmYifX0seyJjaGFyIjoicyIsInN0eWxlcyI6eyJmb250LXNpemUiOjE2LCJjb2xvciI6IiMzMzMzMzMiLCJiYWNrLWNvbG9yIjoiI2ZmZmZmZiJ9fSx7ImNoYXIiOiJ0Iiwic3R5bGVzIjp7ImZvbnQtc2l6ZSI6MTYsImNvbG9yIjoiIzMzMzMzMyIsImJhY2stY29sb3IiOiIjZmZmZmZmIn19LHsiY2hhciI6InMiLCJzdHlsZXMiOnsiZm9udC1zaXplIjoxNiwiY29sb3IiOiIjMzMzMzMzIiwiYmFjay1jb2xvciI6IiNmZmZmZmYifX0seyJjaGFyIjoiYyIsInN0eWxlcyI6eyJmb250LXNpemUiOjE2LCJjb2xvciI6IiMzMzMzMzMiLCJiYWNrLWNvbG9yIjoiI2ZmZmZmZiJ9fV0sImlzUmljaFRleHQiOnRydWUsImtlZXBMaW5lQnJlYWsiOnRydWV9fSx7ImJsb2NrSWQiOiIxMDY5LTE1OTIxMzkxMjM1OTAiLCJibG9ja1R5cGUiOiJwYXJhZ3JhcGgiLCJzdHlsZXMiOnsiYWxpZ24iOiJsZWZ0IiwiaW5kZW50IjowLCJ0ZXh0LWluZGVudCI6MCwibGluZS1oZWlnaHQiOjEuNzUsImJhY2stY29sb3IiOiIiLCJwYWRkaW5nIjoiIn0sInR5cGUiOiJwYXJhZ3JhcGgiLCJyaWNoVGV4dCI6eyJkYXRhIjpbeyJjaGFyIjoiMiIsInN0eWxlcyI6eyJmb250LXNpemUiOjE2LCJjb2xvciI6IiMzMzMzMzMiLCJiYWNrLWNvbG9yIjoiI2ZmZmZmZiJ9fSx7ImNoYXIiOiIzIiwic3R5bGVzIjp7ImZvbnQtc2l6ZSI6MTYsImNvbG9yIjoiIzMzMzMzMyIsImJhY2stY29sb3IiOiIjZmZmZmZmIn19LHsiY2hhciI6IiwiLCJzdHlsZXMiOnsiZm9udC1zaXplIjoxNiwiY29sb3IiOiIjMzMzMzMzIiwiYmFjay1jb2xvciI6IiNmZmZmZmYifX0seyJjaGFyIjoi5YigIiwic3R5bGVzIjp7ImZvbnQtc2l6ZSI6MTYsImNvbG9yIjoiIzMzMzMzMyIsImJhY2stY29sb3IiOiIjZmZmZmZmIn19LHsiY2hhciI6IumZpCIsInN0eWxlcyI6eyJmb250LXNpemUiOjE2LCJjb2xvciI6IiMzMzMzMzMiLCJiYWNrLWNvbG9yIjoiI2ZmZmZmZiJ9fSx7ImNoYXIiOiLlpJoiLCJzdHlsZXMiOnsiZm9udC1zaXplIjoxNiwiY29sb3IiOiIjMzMzMzMzIiwiYmFjay1jb2xvciI6IiNmZmZmZmYifX0seyJjaGFyIjoi5L2ZIiwic3R5bGVzIjp7ImZvbnQtc2l6ZSI6MTYsImNvbG9yIjoiIzMzMzMzMyIsImJhY2stY29sb3IiOiIjZmZmZmZmIn19LHsiY2hhciI6IuacjSIsInN0eWxlcyI6eyJmb250LXNpemUiOjE2LCJjb2xvciI6IiMzMzMzMzMiLCJiYWNrLWNvbG9yIjoiI2ZmZmZmZiJ9fSx7ImNoYXIiOiLliqEiLCJzdHlsZXMiOnsiZm9udC1zaXplIjoxNiwiY29sb3IiOiIjMzMzMzMzIiwiYmFjay1jb2xvciI6IiNmZmZmZmYifX0seyJjaGFyIjoiOiIsInN0eWxlcyI6eyJmb250LXNpemUiOjE2LCJjb2xvciI6IiMzMzMzMzMiLCJiYWNrLWNvbG9yIjoiI2ZmZmZmZiJ9fSx7ImNoYXIiOiJzIiwic3R5bGVzIjp7ImZvbnQtc2l6ZSI6MTYsImNvbG9yIjoiIzMzMzMzMyIsImJhY2stY29sb3IiOiIjZmZmZmZmIn19LHsiY2hhciI6ImMiLCJzdHlsZXMiOnsiZm9udC1zaXplIjoxNiwiY29sb3IiOiIjMzMzMzMzIiwiYmFjay1jb2xvciI6IiNmZmZmZmYifX0seyJjaGFyIjoiICIsInN0eWxlcyI6eyJmb250LXNpemUiOjE2LCJjb2xvciI6IiMzMzMzMzMiLCJiYWNrLWNvbG9yIjoiI2ZmZmZmZiJ9fSx7ImNoYXIiOiJkIiwic3R5bGVzIjp7ImZvbnQtc2l6ZSI6MTYsImNvbG9yIjoiIzMzMzMzMyIsImJhY2stY29sb3IiOiIjZmZmZmZmIn19LHsiY2hhciI6ImUiLCJzdHlsZXMiOnsiZm9udC1zaXplIjoxNiwiY29sb3IiOiIjMzMzMzMzIiwiYmFjay1jb2xvciI6IiNmZmZmZmYifX0seyJjaGFyIjoibCIsInN0eWxlcyI6eyJmb250LXNpemUiOjE2LCJjb2xvciI6IiMzMzMzMzMiLCJiYWNrLWNvbG9yIjoiI2ZmZmZmZiJ9fSx7ImNoYXIiOiJlIiwic3R5bGVzIjp7ImZvbnQtc2l6ZSI6MTYsImNvbG9yIjoiIzMzMzMzMyIsImJhY2stY29sb3IiOiIjZmZmZmZmIn19LHsiY2hhciI6InQiLCJzdHlsZXMiOnsiZm9udC1zaXplIjoxNiwiY29sb3IiOiIjMzMzMzMzIiwiYmFjay1jb2xvciI6IiNmZmZmZmYifX0seyJjaGFyIjoiZSIsInN0eWxlcyI6eyJmb250LXNpemUiOjE2LCJjb2xvciI6IiMzMzMzMzMiLCJiYWNrLWNvbG9yIjoiI2ZmZmZmZiJ9fSx7ImNoYXIiOiIgIiwic3R5bGVzIjp7ImZvbnQtc2l6ZSI6MTYsImNvbG9yIjoiIzMzMzMzMyIsImJhY2stY29sb3IiOiIjZmZmZmZmIn19LHsiY2hhciI6IuacjSIsInN0eWxlcyI6eyJmb250LXNpemUiOjE2LCJjb2xvciI6IiMzMzMzMzMiLCJiYWNrLWNvbG9yIjoiI2ZmZmZmZiJ9fSx7ImNoYXIiOiLliqEiLCJzdHlsZXMiOnsiZm9udC1zaXplIjoxNiwiY29sb3IiOiIjMzMzMzMzIiwiYmFjay1jb2xvciI6IiNmZmZmZmYifX0seyJjaGFyIjoi5ZmoIiwic3R5bGVzIjp7ImZvbnQtc2l6ZSI6MTYsImNvbG9yIjoiIzMzMzMzMyIsImJhY2stY29sb3IiOiIjZmZmZmZmIn19LHsiY2hhciI6IuWQjSIsInN0eWxlcyI6eyJmb250LXNpemUiOjE2LCJjb2xvciI6IiMzMzMzMzMiLCJiYWNrLWNvbG9yIjoiI2ZmZmZmZiJ9fSx7ImNoYXIiOiLnp7AiLCJzdHlsZXMiOnsiZm9udC1zaXplIjoxNiwiY29sb3IiOiIjMzMzMzMzIiwiYmFjay1jb2xvciI6IiNmZmZmZmYifX1dLCJpc1JpY2hUZXh0Ijp0cnVlLCJrZWVwTGluZUJyZWFrIjp0cnVlfX0seyJibG9ja0lkIjoiMzQyNy0xNTk3OTM4NjU1OTk5IiwiYmxvY2tUeXBlIjoicGFyYWdyYXBoIiwic3R5bGVzIjp7ImFsaWduIjoibGVmdCIsImluZGVudCI6MCwidGV4dC1pbmRlbnQiOjAsImxpbmUtaGVpZ2h0IjoxLjc1LCJiYWNrLWNvbG9yIjoiIiwicGFkZGluZyI6IiJ9LCJ0eXBlIjoicGFyYWdyYXBoIiwicmljaFRleHQiOnsiZGF0YSI6W3siY2hhciI6IjIiLCJzdHlsZXMiOnsiZm9udC1zaXplIjoxNiwiY29sb3IiOiIjMzMzMzMzIiwiYmFjay1jb2xvciI6IiNmZmZmZmYifX0seyJjaGFyIjoiNCIsInN0eWxlcyI6eyJmb250LXNpemUiOjE2LCJjb2xvciI6IiMzMzMzMzMiLCJiYWNrLWNvbG9yIjoiI2ZmZmZmZiJ9fSx7ImNoYXIiOiIsIiwic3R5bGVzIjp7ImZvbnQtc2l6ZSI6MTYsImNvbG9yIjoiIzMzMzMzMyIsImJhY2stY29sb3IiOiIjZmZmZmZmIn19LHsiY2hhciI6IuafpSIsInN0eWxlcyI6eyJmb250LXNpemUiOjE2LCJjb2xvciI6IiMzMzMzMzMiLCJiYWNrLWNvbG9yIjoiI2ZmZmZmZiJ9fSx7ImNoYXIiOiLnnIsiLCJzdHlsZXMiOnsiZm9udC1zaXplIjoxNiwiY29sb3IiOiIjMzMzMzMzIiwiYmFjay1jb2xvciI6IiNmZmZmZmYifX0seyJjaGFyIjoi55S1Iiwic3R5bGVzIjp7ImZvbnQtc2l6ZSI6MTYsImNvbG9yIjoiIzMzMzMzMyIsImJhY2stY29sb3IiOiIjZmZmZmZmIn19LHsiY2hhciI6IuiEkSIsInN0eWxlcyI6eyJmb250LXNpemUiOjE2LCJjb2xvciI6IiMzMzMzMzMiLCJiYWNrLWNvbG9yIjoiI2ZmZmZmZiJ9fSx7ImNoYXIiOiLns7siLCJzdHlsZXMiOnsiZm9udC1zaXplIjoxNiwiY29sb3IiOiIjMzMzMzMzIiwiYmFjay1jb2xvciI6IiNmZmZmZmYifX0seyJjaGFyIjoi57ufIiwic3R5bGVzIjp7ImZvbnQtc2l6ZSI6MTYsImNvbG9yIjoiIzMzMzMzMyIsImJhY2stY29sb3IiOiIjZmZmZmZmIn19LHsiY2hhciI6IuWGhSIsInN0eWxlcyI6eyJmb250LXNpemUiOjE2LCJjb2xvciI6IiMzMzMzMzMiLCJiYWNrLWNvbG9yIjoiI2ZmZmZmZiJ9fSx7ImNoYXIiOiLlrZgiLCJzdHlsZXMiOnsiZm9udC1zaXplIjoxNiwiY29sb3IiOiIjMzMzMzMzIiwiYmFjay1jb2xvciI6IiNmZmZmZmYifX0seyJjaGFyIjoi5aSnIiwic3R5bGVzIjp7ImZvbnQtc2l6ZSI6MTYsImNvbG9yIjoiIzMzMzMzMyIsImJhY2stY29sb3IiOiIjZmZmZmZmIn19LHsiY2hhciI6IuWwjyIsInN0eWxlcyI6eyJmb250LXNpemUiOjE2LCJjb2xvciI6IiMzMzMzMzMiLCJiYWNrLWNvbG9yIjoiI2ZmZmZmZiJ9fSx7ImNoYXIiOiI6Iiwic3R5bGVzIjp7ImZvbnQtc2l6ZSI6MTYsImNvbG9yIjoiIzMzMzMzMyIsImJhY2stY29sb3IiOiIjZmZmZmZmIn19LHsiY2hhciI6InciLCJzdHlsZXMiOnsiZm9udC1zaXplIjoxNiwiY29sb3IiOiIjMzMzMzMzIiwiYmFjay1jb2xvciI6IiNmZmZmZmYifX0seyJjaGFyIjoiaSIsInN0eWxlcyI6eyJmb250LXNpemUiOjE2LCJjb2xvciI6IiMzMzMzMzMiLCJiYWNrLWNvbG9yIjoiI2ZmZmZmZiJ9fSx7ImNoYXIiOiJuIiwic3R5bGVzIjp7ImZvbnQtc2l6ZSI6MTYsImNvbG9yIjoiIzMzMzMzMyIsImJhY2stY29sb3IiOiIjZmZmZmZmIn19LHsiY2hhciI6IisiLCJzdHlsZXMiOnsiZm9udC1zaXplIjoxNiwiY29sb3IiOiIjMzMzMzMzIiwiYmFjay1jb2xvciI6IiNmZmZmZmYifX0seyJjaGFyIjoiciIsInN0eWxlcyI6eyJmb250LXNpemUiOjE2LCJjb2xvciI6IiMzMzMzMzMiLCJiYWNrLWNvbG9yIjoiI2ZmZmZmZiJ9fSx7ImNoYXIiOiIgIiwic3R5bGVzIjp7ImZvbnQtc2l6ZSI6MTYsImNvbG9yIjoiIzMzMzMzMyIsImJhY2stY29sb3IiOiIjZmZmZmZmIn19LHsiY2hhciI6Ii0iLCJzdHlsZXMiOnsiZm9udC1zaXplIjoxNiwiY29sb3IiOiIjMzMzMzMzIiwiYmFjay1jb2xvciI6IiNmZmZmZmYifX0seyJjaGFyIjoiLSIsInN0eWxlcyI6eyJmb250LXNpemUiOjE2LCJjb2xvciI6IiMzMzMzMzMiLCJiYWNrLWNvbG9yIjoiI2ZmZmZmZiJ9fSx7ImNoYXIiOiItIiwic3R5bGVzIjp7ImZvbnQtc2l6ZSI6MTYsImNvbG9yIjoiIzMzMzMzMyIsImJhY2stY29sb3IiOiIjZmZmZmZmIn19LHsiY2hhciI6Ij4iLCJzdHlsZXMiOnsiZm9udC1zaXplIjoxNiwiY29sb3IiOiIjMzMzMzMzIiwiYmFjay1jb2xvciI6IiNmZmZmZmYifX0seyJjaGFyIjoiICIsInN0eWxlcyI6eyJmb250LXNpemUiOjE2LCJjb2xvciI6IiMzMzMzMzMiLCJiYWNrLWNvbG9yIjoiI2ZmZmZmZiJ9fSx7ImNoYXIiOiJtIiwic3R5bGVzIjp7ImZvbnQtc2l6ZSI6MTYsImNvbG9yIjoiIzMzMzMzMyIsImJhY2stY29sb3IiOiIjZmZmZmZmIn19LHsiY2hhciI6InMiLCJzdHlsZXMiOnsiZm9udC1zaXplIjoxNiwiY29sb3IiOiIjMzMzMzMzIiwiYmFjay1jb2xvciI6IiNmZmZmZmYifX0seyJjaGFyIjoiaSIsInN0eWxlcyI6eyJmb250LXNpemUiOjE2LCJjb2xvciI6IiMzMzMzMzMiLCJiYWNrLWNvbG9yIjoiI2ZmZmZmZiJ9fSx7ImNoYXIiOiJuIiwic3R5bGVzIjp7ImZvbnQtc2l6ZSI6MTYsImNvbG9yIjoiIzMzMzMzMyIsImJhY2stY29sb3IiOiIjZmZmZmZmIn19LHsiY2hhciI6ImYiLCJzdHlsZXMiOnsiZm9udC1zaXplIjoxNiwiY29sb3IiOiIjMzMzMzMzIiwiYmFjay1jb2xvciI6IiNmZmZmZmYifX0seyJjaGFyIjoibyIsInN0eWxlcyI6eyJmb250LXNpemUiOjE2LCJjb2xvciI6IiMzMzMzMzMiLCJiYWNrLWNvbG9yIjoiI2ZmZmZmZiJ9fSx7ImNoYXIiOiIzIiwic3R5bGVzIjp7ImZvbnQtc2l6ZSI6MTYsImNvbG9yIjoiIzMzMzMzMyIsImJhY2stY29sb3IiOiIjZmZmZmZmIn19LHsiY2hhciI6IjIiLCJzdHlsZXMiOnsiZm9udC1zaXplIjoxNiwiY29sb3IiOiIjMzMzMzMzIiwiYmFjay1jb2xvciI6IiNmZmZmZmYifX1dLCJpc1JpY2hUZXh0Ijp0cnVlLCJrZWVwTGluZUJyZWFrIjp0cnVlfX0seyJibG9ja0lkIjoiMjAxMS0xNTk3OTM4NzYxOTA4IiwiYmxvY2tUeXBlIjoicGFyYWdyYXBoIiwic3R5bGVzIjp7ImFsaWduIjoibGVmdCIsImluZGVudCI6MCwidGV4dC1pbmRlbnQiOjAsImxpbmUtaGVpZ2h0IjoxLjc1LCJiYWNrLWNvbG9yIjoiIiwicGFkZGluZyI6IiJ9LCJ0eXBlIjoicGFyYWdyYXBoIiwicmljaFRleHQiOnsiZGF0YSI6W3siY2hhciI6IuaXtiIsInN0eWxlcyI6eyJmb250LXNpemUiOjE2LCJjb2xvciI6IiMzMzMzMzMiLCJiYWNrLWNvbG9yIjoiI2ZmZmZmZiJ9fSx7ImNoYXIiOiLljLoiLCJzdHlsZXMiOnsiZm9udC1zaXplIjoxNiwiY29sb3IiOiIjMzMzMzMzIiwiYmFjay1jb2xvciI6IiNmZmZmZmYifX0seyJjaGFyIjoi5LiLIiwic3R5bGVzIjp7ImZvbnQtc2l6ZSI6MTYsImNvbG9yIjoiIzMzMzMzMyIsImJhY2stY29sb3IiOiIjZmZmZmZmIn19LHsiY2hhciI6IueahCIsInN0eWxlcyI6eyJmb250LXNpemUiOjE2LCJjb2xvciI6IiMzMzMzMzMiLCJiYWNrLWNvbG9yIjoiI2ZmZmZmZiJ9fSx7ImNoYXIiOiLlt7IiLCJzdHlsZXMiOnsiZm9udC1zaXplIjoxNiwiY29sb3IiOiIjMzMzMzMzIiwiYmFjay1jb2xvciI6IiNmZmZmZmYifX0seyJjaGFyIjoi5a6JIiwic3R5bGVzIjp7ImZvbnQtc2l6ZSI6MTYsImNvbG9yIjoiIzMzMzMzMyIsImJhY2stY29sb3IiOiIjZmZmZmZmIn19LHsiY2hhciI6IuijhSIsInN0eWxlcyI6eyJmb250LXNpemUiOjE2LCJjb2xvciI6IiMzMzMzMzMiLCJiYWNrLWNvbG9yIjoiI2ZmZmZmZiJ9fSx7ImNoYXIiOiLniakiLCJzdHlsZXMiOnsiZm9udC1zaXplIjoxNiwiY29sb3IiOiIjMzMzMzMzIiwiYmFjay1jb2xvciI6IiNmZmZmZmYifX0seyJjaGFyIjoi55CGIiwic3R5bGVzIjp7ImZvbnQtc2l6ZSI6MTYsImNvbG9yIjoiIzMzMzMzMyIsImJhY2stY29sb3IiOiIjZmZmZmZmIn19LHsiY2hhciI6IuWGhSIsInN0eWxlcyI6eyJmb250LXNpemUiOjE2LCJjb2xvciI6IiMzMzMzMzMiLCJiYWNrLWNvbG9yIjoiI2ZmZmZmZiJ9fSx7ImNoYXIiOiLlrZgiLCJzdHlsZXMiOnsiZm9udC1zaXplIjoxNiwiY29sb3IiOiIjMzMzMzMzIiwiYmFjay1jb2xvciI6IiNmZmZmZmYifX0seyJjaGFyIjoi5bCxIiwic3R5bGVzIjp7ImZvbnQtc2l6ZSI6MTYsImNvbG9yIjoiIzMzMzMzMyIsImJhY2stY29sb3IiOiIjZmZmZmZmIn19LHsiY2hhciI6IuaYryIsInN0eWxlcyI6eyJmb250LXNpemUiOjE2LCJjb2xvciI6IiMzMzMzMzMiLCJiYWNrLWNvbG9yIjoiI2ZmZmZmZiJ9fSx7ImNoYXIiOiLnrJQiLCJzdHlsZXMiOnsiZm9udC1zaXplIjoxNiwiY29sb3IiOiIjMzMzMzMzIiwiYmFjay1jb2xvciI6IiNmZmZmZmYifX0seyJjaGFyIjoi6K6wIiwic3R5bGVzIjp7ImZvbnQtc2l6ZSI6MTYsImNvbG9yIjoiIzMzMzMzMyIsImJhY2stY29sb3IiOiIjZmZmZmZmIn19LHsiY2hhciI6IuacrCIsInN0eWxlcyI6eyJmb250LXNpemUiOjE2LCJjb2xvciI6IiMzMzMzMzMiLCJiYWNrLWNvbG9yIjoiI2ZmZmZmZiJ9fSx7ImNoYXIiOiLlhoUiLCJzdHlsZXMiOnsiZm9udC1zaXplIjoxNiwiY29sb3IiOiIjMzMzMzMzIiwiYmFjay1jb2xvciI6IiNmZmZmZmYifX0seyJjaGFyIjoi5a2YIiwic3R5bGVzIjp7ImZvbnQtc2l6ZSI6MTYsImNvbG9yIjoiIzMzMzMzMyIsImJhY2stY29sb3IiOiIjZmZmZmZmIn19LHsiY2hhciI6IuWkpyIsInN0eWxlcyI6eyJmb250LXNpemUiOjE2LCJjb2xvciI6IiMzMzMzMzMiLCJiYWNrLWNvbG9yIjoiI2ZmZmZmZiJ9fSx7ImNoYXIiOiLlsI8iLCJzdHlsZXMiOnsiZm9udC1zaXplIjoxNiwiY29sb3IiOiIjMzMzMzMzIiwiYmFjay1jb2xvciI6IiNmZmZmZmYifX1dLCJpc1JpY2hUZXh0Ijp0cnVlLCJrZWVwTGluZUJyZWFrIjp0cnVlfX0seyJibG9ja0lkIjoiNzE1Mi0xNTk3OTM4Njk1MDkyIiwiYmxvY2tUeXBlIjoicGFyYWdyYXBoIiwic3R5bGVzIjp7ImFsaWduIjoibGVmdCIsImluZGVudCI6MCwidGV4dC1pbmRlbnQiOjAsImxpbmUtaGVpZ2h0IjoxLjc1LCJiYWNrLWNvbG9yIjoiIiwicGFkZGluZyI6IiJ9LCJ0eXBlIjoicGFyYWdyYXBoIiwicmljaFRleHQiOnsiZGF0YSI6W10sImlzUmljaFRleHQiOnRydWUsImtlZXBMaW5lQnJlYWsiOnRydWV9fSx7ImJsb2NrSWQiOiIzMDk5LTE1ODkxNzc2MjcwMTQiLCJibG9ja1R5cGUiOiJwYXJhZ3JhcGgiLCJzdHlsZXMiOnsiYWxpZ24iOiJsZWZ0IiwiaW5kZW50IjowLCJ0ZXh0LWluZGVudCI6MCwibGluZS1oZWlnaHQiOjEuNzUsImJhY2stY29sb3IiOiIiLCJwYWRkaW5nIjoiIn0sInR5cGUiOiJwYXJhZ3JhcGgiLCJyaWNoVGV4dCI6eyJkYXRhIjpbXSwiaXNSaWNoVGV4dCI6dHJ1ZSwia2VlcExpbmVCcmVhayI6dHJ1ZX19LHsiYmxvY2tJZCI6IjMxNTMtMTU4OTE3NzYyNzE2NiIsImJsb2NrVHlwZSI6InBhcmFncmFwaCIsInN0eWxlcyI6eyJhbGlnbiI6ImxlZnQiLCJpbmRlbnQiOjAsInRleHQtaW5kZW50IjowLCJsaW5lLWhlaWdodCI6MS43NSwiYmFjay1jb2xvciI6IiIsInBhZGRpbmciOiIifSwidHlwZSI6InBhcmFncmFwaCIsInJpY2hUZXh0Ijp7ImRhdGEiOltdLCJpc1JpY2hUZXh0Ijp0cnVlLCJrZWVwTGluZUJyZWFrIjp0cnVlfX0seyJibG9ja0lkIjoiNjU2Mi0xNTg4OTk0MjgxMDMxIiwiYmxvY2tUeXBlIjoicGFyYWdyYXBoIiwic3R5bGVzIjp7ImFsaWduIjoibGVmdCIsImluZGVudCI6MCwidGV4dC1pbmRlbnQiOjAsImxpbmUtaGVpZ2h0IjoxLjc1LCJiYWNrLWNvbG9yIjoiIiwicGFkZGluZyI6IiJ9LCJ0eXBlIjoicGFyYWdyYXBoIiwicmljaFRleHQiOnsiZGF0YSI6W10sImlzUmljaFRleHQiOnRydWUsImtlZXBMaW5lQnJlYWsiOnRydWV9fSx7ImJsb2NrSWQiOiIzMTc2LTE1NjY3ODU3NTI2ODgiLCJibG9ja1R5cGUiOiJwYXJhZ3JhcGgiLCJzdHlsZXMiOnsiYWxpZ24iOiJsZWZ0IiwiaW5kZW50IjowLCJ0ZXh0LWluZGVudCI6MCwibGluZS1oZWlnaHQiOjEuNzUsImJhY2stY29sb3IiOiIiLCJwYWRkaW5nIjoiIn0sInR5cGUiOiJwYXJhZ3JhcGgiLCJyaWNoVGV4dCI6eyJkYXRhIjpbXSwiaXNSaWNoVGV4dCI6dHJ1ZSwia2VlcExpbmVCcmVhayI6dHJ1ZX19XQ==--></p>\r\n',1,0,'2021-03-10 02:10:07.886585','2021-03-10 02:10:09.957640',1,5);

/*Table structure for table `tb_category` */

DROP TABLE IF EXISTS `tb_category`;

CREATE TABLE `tb_category` (
  `id` int(11) NOT NULL AUTO_INCREMENT,
  `title` varchar(100) NOT NULL,
  `created` datetime(6) NOT NULL,
  PRIMARY KEY (`id`)
) ENGINE=MyISAM AUTO_INCREMENT=6 DEFAULT CHARSET=utf8;

/*Data for the table `tb_category` */

insert  into `tb_category`(`id`,`title`,`created`) values (1,'Python','2021-03-09 10:44:00.000000'),(2,'面试题','2021-03-09 10:44:00.000000'),(3,'测试','2021-03-09 10:45:00.000000'),(4,'AI','2021-03-09 10:45:00.000000'),(5,'其他','2021-03-09 10:45:00.000000');

/*Table structure for table `tb_comment` */

DROP TABLE IF EXISTS `tb_comment`;

CREATE TABLE `tb_comment` (
  `id` int(11) NOT NULL AUTO_INCREMENT,
  `content` longtext NOT NULL,
  `created` datetime(6) NOT NULL,
  `article_id` int(11) DEFAULT NULL,
  `user_id` int(11) DEFAULT NULL,
  PRIMARY KEY (`id`),
  KEY `tb_comment_article_id_d3d5d1ea` (`article_id`),
  KEY `tb_comment_user_id_905a9388` (`user_id`)
) ENGINE=MyISAM AUTO_INCREMENT=3 DEFAULT CHARSET=utf8;

/*Data for the table `tb_comment` */

insert  into `tb_comment`(`id`,`content`,`created`,`article_id`,`user_id`) values (1,'','2021-03-10 01:58:38.611123',3,1),(2,'','2021-03-10 02:01:17.423248',3,1);

/*Table structure for table `tb_users` */

DROP TABLE IF EXISTS `tb_users`;

CREATE TABLE `tb_users` (
  `id` int(11) NOT NULL AUTO_INCREMENT,
  `password` varchar(128) NOT NULL,
  `last_login` datetime(6) DEFAULT NULL,
  `is_superuser` tinyint(1) NOT NULL,
  `username` varchar(150) NOT NULL,
  `first_name` varchar(150) NOT NULL,
  `last_name` varchar(150) NOT NULL,
  `email` varchar(254) NOT NULL,
  `is_staff` tinyint(1) NOT NULL,
  `is_active` tinyint(1) NOT NULL,
  `date_joined` datetime(6) NOT NULL,
  `mobile` varchar(20) NOT NULL,
  `avatar` varchar(100) NOT NULL,
  `user_desc` longtext NOT NULL,
  PRIMARY KEY (`id`),
  UNIQUE KEY `username` (`username`),
  UNIQUE KEY `mobile` (`mobile`)
) ENGINE=MyISAM AUTO_INCREMENT=2 DEFAULT CHARSET=utf8;

/*Data for the table `tb_users` */

insert  into `tb_users`(`id`,`password`,`last_login`,`is_superuser`,`username`,`first_name`,`last_name`,`email`,`is_staff`,`is_active`,`date_joined`,`mobile`,`avatar`,`user_desc`) values (1,'pbkdf2_sha256$216000$wNWgNObaYBh0$07WPiMBAb4el1Z0WLPjJnU/dpdUydSstttXtATe+vCQ=','2021-03-10 01:56:49.545749',1,'Mr.Fan','','','18329751854@163.com',1,1,'2021-03-09 10:43:20.324795','18329751854','avatar/20210309/头像.jpg','吃得苦中苦,方为人上人!');

/*Table structure for table `tb_users_groups` */

DROP TABLE IF EXISTS `tb_users_groups`;

CREATE TABLE `tb_users_groups` (
  `id` int(11) NOT NULL AUTO_INCREMENT,
  `user_id` int(11) NOT NULL,
  `group_id` int(11) NOT NULL,
  PRIMARY KEY (`id`),
  UNIQUE KEY `tb_users_groups_user_id_group_id_5a177a84_uniq` (`user_id`,`group_id`),
  KEY `tb_users_groups_user_id_5f9e3ed0` (`user_id`),
  KEY `tb_users_groups_group_id_04d64563` (`group_id`)
) ENGINE=MyISAM DEFAULT CHARSET=utf8;

/*Data for the table `tb_users_groups` */

/*Table structure for table `tb_users_user_permissions` */

DROP TABLE IF EXISTS `tb_users_user_permissions`;

CREATE TABLE `tb_users_user_permissions` (
  `id` int(11) NOT NULL AUTO_INCREMENT,
  `user_id` int(11) NOT NULL,
  `permission_id` int(11) NOT NULL,
  PRIMARY KEY (`id`),
  UNIQUE KEY `tb_users_user_permissions_user_id_permission_id_064c2ef6_uniq` (`user_id`,`permission_id`),
  KEY `tb_users_user_permissions_user_id_2726c819` (`user_id`),
  KEY `tb_users_user_permissions_permission_id_b9b3ac94` (`permission_id`)
) ENGINE=MyISAM DEFAULT CHARSET=utf8;

/*Data for the table `tb_users_user_permissions` */

/*!40101 SET SQL_MODE=@OLD_SQL_MODE */;
/*!40014 SET FOREIGN_KEY_CHECKS=@OLD_FOREIGN_KEY_CHECKS */;
/*!40014 SET UNIQUE_CHECKS=@OLD_UNIQUE_CHECKS */;
/*!40111 SET SQL_NOTES=@OLD_SQL_NOTES */;
